compound_id,safe_id,smiles,category,mw,logp,source
BDB_50156156,BDB_50156156,CC(O)C(O)C1CNc2c(nc(N)[nH]c2=O)N1,PAH_bioactivity,241.25,-1.7,bindingdb
BDB_50373697,BDB_50373697,C[C@H](O)[C@H](O)[C@H]1CNc2nc(N)[nH]c(=O)c2N1,PAH_bioactivity,241.25,-1.7,bindingdb
BDB_6644,BDB_6644,Nc1nc(N)c2nc(-c3ccccc3)c(N)nc2n1,PAH_bioactivity,253.27,0.83,bindingdb
BDB_729096,BDB_729096,CN1CCc2cc3c(cc2C1O)OCO3,PAH_bioactivity,207.23,0.89,bindingdb
CHEMBL351823,CHEMBL351823,NC1(C(=O)O)CC2CC[C@@H]1c1ccccc12,PAH_bioactivity,217.27,1.83,chembl
CHEMBL3634670,CHEMBL3634670,c1ccc2c(c1)CSc1sccc1C2n1ccnc1,PAH_bioactivity,284.41,4.19,chembl
CID58548356,CID58548356,O=C(NC1CC1)c1ccsc1NC(=O)c1nc(C2CC2)ccc1Nc1cncnc1,academic_HTS_hit,420.5,3.7,pubchem
CID4915,CID4915,CNNCc1ccc(C(=O)NC(C)C)cc1,academic_HTS_hit,221.3,1.05,pubchem
CID3292,CID3292,CCN1C(=O)NC(c2ccccc2)C1=O,academic_HTS_hit,204.23,1.3,pubchem
CID1775,CID1775,O=C1NC(=O)C(c2ccccc2)(c2ccccc2)N1,academic_HTS_hit,252.27,1.77,pubchem
CID464,CID464,O=C(O)CNC(=O)c1ccccc1,academic_HTS_hit,179.17,0.5,pubchem
CID4909,CID4909,CCC1(c2ccccc2)C(=O)NCNC1=O,academic_HTS_hit,218.26,0.54,pubchem
CID134601,CID134601,COC(=O)[C@H](Cc1ccccc1)NC(=O)[C@@H](N)CC(=O)O,academic_HTS_hit,294.31,-0.31,pubchem
CID6140,CID6140,N[C@@H](Cc1ccccc1)C(=O)O,academic_HTS_hit,165.19,0.64,pubchem
CID5426,CID5426,O=C1CCC(N2C(=O)c3ccccc3C2=O)C(=O)N1,academic_HTS_hit,258.23,0.09,pubchem
CID4753,CID4753,NC(=O)NC(=O)Cc1ccccc1,academic_HTS_hit,178.19,0.42,pubchem
CID5388962,CID5388962,CCOC(=O)[C@H](CCc1ccccc1)N[C@@H](C)C(=O)N1CCC[C@H]1C(=O)O,academic_HTS_hit,376.45,1.6,pubchem
CID5362119,CID5362119,NCCCC[C@H](N[C@@H](CCc1ccccc1)C(=O)O)C(=O)N1CCC[C@H]1C(=O)O,academic_HTS_hit,405.5,1.24,pubchem
CID11450633,CID11450633,Cn1c(=O)cc(N2CCC[C@@H](N)C2)n(Cc2ccccc2C#N)c1=O,academic_HTS_hit,339.4,0.39,pubchem
CID5904,CID5904,CC1(C)S[C@@H]2[C@H](NC(=O)Cc3ccccc3)C(=O)N2[C@H]1C(=O)O,academic_HTS_hit,334.4,0.86,pubchem
CID11149707,CID11149707,CCOC(=O)N1CCC(Nc2cc(C)ccn2)CC1,academic_HTS_hit,263.34,2.42,pubchem
CID219078,CID219078,COC[C@@H](NC(C)=O)C(=O)NCc1ccccc1,academic_HTS_hit,250.3,0.45,pubchem
CID5311309,CID5311309,CC(C)C1CCC(C(=O)N[C@H](Cc2ccccc2)C(=O)O)CC1,academic_HTS_hit,317.43,3.26,pubchem
CID5462501,CID5462501,C[C@H](N[C@@H](CCc1ccccc1)C(=O)O)C(=O)N1CCC[C@H]1C(=O)O,academic_HTS_hit,348.4,1.13,pubchem
CID3487,CID3487,CCC1(c2ccccc2)CCC(=O)NC1=O,academic_HTS_hit,217.27,1.77,pubchem
CID4060,CID4060,CCC1(c2ccccc2)NC(=O)N(C)C1=O,academic_HTS_hit,218.26,1.47,pubchem
CID4763,CID4763,CCC1(c2ccccc2)C(=O)NC(=O)NC1=O,academic_HTS_hit,232.24,0.7,pubchem
CID43672,CID43672,CCN1CCN(C(=O)N[C@@H](C(=O)N[C@@H]2C(=O)N3[C@@H]2SC(C)(C)[C@@H]3C(=O)O)c2ccccc2)C(=O)C1=O,academic_HTS_hit,517.56,-0.24,pubchem
CID2349,CID2349,CC1(C)SC2C(NC(=O)Cc3ccccc3)C(=O)N2C1C(=O)O,academic_HTS_hit,334.4,0.86,pubchem
CID6839,CID6839,CN1C(=O)CC(c2ccccc2)C1=O,academic_HTS_hit,189.21,1.16,pubchem
CID72172,CID72172,CC(C)C[C@H](NC(=O)[C@@H](O)[C@H](N)Cc1ccccc1)C(=O)O,academic_HTS_hit,308.38,0.53,pubchem
CID11120251,CID11120251,CC(C)(C)C(=O)Nc1cccnc1C(=O)Nc1nccs1,academic_HTS_hit,304.38,2.78,pubchem
CID971434,CID971434,Cc1ccc(NC(=S)NCCc2ccccc2)nc1,academic_HTS_hit,271.39,2.92,pubchem
CID5288607,CID5288607,CN(Cc1cn(C)c2ccccc12)C(=O)/C=C/c1cnc2c(c1)CCC(=O)N2,academic_HTS_hit,374.44,3.13,pubchem
CID11200510,CID11200510,Cc1cccc(Cl)c1NC(=O)c1cnc(Nc2cccc(NCCO)n2)s1,academic_HTS_hit,403.9,3.9,pubchem
CID11283174,CID11283174,Cc1cccc(Cl)c1NC(=O)c1cnc(Nc2cccc(NCCCN3CCOCC3)n2)s1,academic_HTS_hit,487.03,4.63,pubchem
CID11357740,CID11357740,CC(C)C1CNC(=O)c2cc(-c3ccnc(N)n3)[nH]c21,academic_HTS_hit,271.32,1.54,pubchem
CID11487256,CID11487256,Cc1cccc(Cl)c1NC(=O)c1cnc(Nc2cc(N3CCOCC3)ncn2)s1,academic_HTS_hit,430.92,3.73,pubchem
CID11537456,CID11537456,CN(C)c1ccnc2sc3c(=O)n(C4CCCCCC4)cnc3c12,academic_HTS_hit,342.47,3.97,pubchem
CID15980109,CID15980109,NCCNC(=O)c1cncc(-c2cnc(Nc3cc(N4CCOCC4)ccn3)s2)c1,academic_HTS_hit,425.52,1.87,pubchem
CID16731823,CID16731823,CN1CCN(Cc2csc(C(=O)Nc3ccc(Cl)cc3C(=O)Nc3ccc(Cl)cn3)c2Cl)CC1,academic_HTS_hit,538.89,5.36,pubchem
CID21911345,CID21911345,Cc1cccc(Nc2ncc(C(=O)Nc3c(C)cccc3Cl)s2)n1,academic_HTS_hit,358.85,4.8,pubchem
CID21911623,CID21911623,Cc1ccnc(Nc2ncc(C(=O)Nc3c(C)cccc3Cl)s2)c1,academic_HTS_hit,358.85,4.8,pubchem
CID21911645,CID21911645,Cc1cccc(C)c1NC(=O)c1cnc(Nc2cccnn2)s1,academic_HTS_hit,325.4,3.55,pubchem
CID22282339,CID22282339,Cc1cc(C)cc(-c2nc(NC(=O)c3cccnc3)sc2-c2ccncc2)c1,academic_HTS_hit,386.48,5.14,pubchem
CID23634171,CID23634171,C#CCNc1ccnc2sc3c(=O)n(-c4ccc(Cl)cc4)cnc3c12,academic_HTS_hit,366.83,3.69,pubchem
CID5327096,CID5327096,CC(C)c1cnc(NC(=O)Cc2cccnc2)s1,academic_HTS_hit,261.35,2.84,pubchem
CID53329709,CID53329709,O=C(Nc1ccc(-c2ccccn2)s1)c1nc(C2CC2)ccc1Nc1cncnc1,academic_HTS_hit,414.49,4.87,pubchem
CID54761301,CID54761301,O=C(Nc1sccc1C(=O)N1CCOCC1)c1nc(C2CC2)ccc1Nc1cncnc1,academic_HTS_hit,450.52,3.28,pubchem
CID66575082,CID66575082,CC#Cc1cncc(-c2cc(Cl)c([C@]3(C)CC(=O)N(C)C(N)=N3)s2)c1,academic_HTS_hit,372.88,3.23,pubchem
CID90153688,CID90153688,CNC(=O)c1cnc(Nc2ccc(F)cn2)cc1Nc1ccccc1S(C)(=O)=O,academic_HTS_hit,415.45,2.87,pubchem
CID91933875,CID91933875,C[C@H](c1ccccc1)N1c2cc(-n3c(=O)[nH]c4ncccc43)ccc2C(=O)NC1(C)C,academic_HTS_hit,413.48,3.76,pubchem
CID118409668,CID118409668,CC1(C)NC(=O)c2ccc(-n3c(=O)[nH]c4ncccc43)cc2N1Cc1ccccc1,academic_HTS_hit,399.45,3.2,pubchem
CID132585205,CID132585205,CN1CCN(C(=O)C(C)(C)c2ccc(C(=O)Nc3cn4cc(-c5ccncc5)ccc4n3)cc2)CC1,academic_HTS_hit,482.59,3.7,pubchem
CID135905416,CID135905416,Cc1cc(N2C[C@@H](C)N[C@@H](C)C2)ncc1-c1ccc(-c2nc3c(ccn3C)c(=O)[nH]2)cc1,academic_HTS_hit,428.54,3.49,pubchem
CID748028,CID748028,O=C(Nc1c(-c2ccccc2)nc2ccccn12)c1ccccc1,academic_HTS_hit,313.36,4.25,pubchem
CID4325210,CID4325210,CCCN1CCc2c(sc3nc(SC)n(-c4ccccc4)c(=O)c23)C1,academic_HTS_hit,371.53,3.94,pubchem
CID1712,CID1712,O=C1N=c2ccc3ncsc3c2=C1CNc1ccc(S(=O)(=O)Nc2ccccn2)cc1,academic_HTS_hit,449.52,1.91,pubchem
CID8271,CID8271,CCC1(c2ccccc2)C(=O)NC(=O)N(C)C1=O,academic_HTS_hit,246.27,1.04,pubchem
CID53497572,CID53497572,CNC(=O)c1cnc(N)c2cc(-c3ccc(S(=O)(=O)NC(C)(C)C)cc3)sc12,academic_HTS_hit,418.54,2.98,pubchem
CID71157,CID71157,Cc1cccc(C)c1NC(=O)CN1CCCC1=O,academic_HTS_hit,246.31,1.86,pubchem
CID3476,CID3476,CCC1=C(C)CN(C(=O)NCCc2ccc(S(=O)(=O)NC(=O)NC3CCC(C)CC3)cc2)C1=O,academic_HTS_hit,490.63,3.07,pubchem
CID6476,CID6476,CN1C(=O)CC(C)(c2ccccc2)C1=O,academic_HTS_hit,203.24,1.33,pubchem
CID25022354,CID25022354,CC(C)(C)OC[C@@H]1C(=O)NCCN1C(=O)C[C@H](N)Cc1cc(F)c(F)cc1F,academic_HTS_hit,401.43,1.51,pubchem
CID9843750,CID9843750,CC(C)[C@H](O)C(=O)N[C@@H](C)C(=O)N[C@@H]1C(=O)N(C)CCc2ccccc21,academic_HTS_hit,361.44,0.38,pubchem
CID71872,CID71872,CC(C(=O)c1ccccc1)N(C)C,academic_HTS_hit,177.25,1.82,pubchem
CID132441,CID132441,NC(=O)CN1CC(c2ccccc2)CC1=O,academic_HTS_hit,218.26,0.49,pubchem
CID17076,CID17076,CCN(CC)C(=O)Cc1ccccc1,academic_HTS_hit,191.27,2.1,pubchem
CID33925,CID33925,CCC1(c2ccccc2)C(=O)N(COC)C(=O)N(COC)C1=O,academic_HTS_hit,320.34,1.33,pubchem
CID180496,CID180496,CCOC(=O)CNC(=O)[C@@H]1CCCN1C(=O)Cc1ccccc1,academic_HTS_hit,318.37,0.9,pubchem
CID54929,CID54929,O=c1[nH]c(=O)n(COCCO)cc1Cc1ccccc1,academic_HTS_hit,276.29,0.09,pubchem
CID52195,CID52195,CC(C)NCCCC1(C(N)=O)c2ccccc2-c2ccccc21,academic_HTS_hit,308.43,3.22,pubchem
CID6918637,CID6918637,CN[C@H](C(=O)N[C@H](C(=O)N(C)[C@H](/C=C(\C)C(=O)O)C(C)C)C(C)(C)C)C(C)(C)c1ccccc1,academic_HTS_hit,473.66,3.6,pubchem
CID60510,CID60510,CC(Cc1ccccc1)(NC(=O)CN)c1ccccc1.Cl,academic_HTS_hit,304.82,2.64,pubchem
CID92142,CID92142,O=C1CC[C@H](N2C(=O)c3ccccc3C2=O)C(=O)N1,academic_HTS_hit,258.23,0.09,pubchem
CID9810996,CID9810996,COC(=O)[C@H](Cc1ccccc1)NC(=O)[C@H](CC(=O)O)NCCC(C)(C)C,academic_HTS_hit,378.47,1.76,pubchem
CID10958189,CID10958189,Cc1ccc(C(C)NC(=O)[C@@H](NC(=O)OC(C)C)C(C)C)cc1,academic_HTS_hit,320.43,3.33,pubchem
CID102669,CID102669,CCN(CC)CCC1(c2ccccc2)CCC(=O)NC1=O,academic_HTS_hit,288.39,2.09,pubchem
CID72026,CID72026,O=C(C1CCCCC1)N1CC(=O)N2CCCc3ccccc3C2C1,academic_HTS_hit,326.44,2.93,pubchem
CID45266826,CID45266826,CNC(C)C(=O)c1ccc(C)cc1,academic_HTS_hit,177.25,1.79,pubchem
CID1576,CID1576,CNC(C)C(=O)c1ccccc1,academic_HTS_hit,163.22,1.48,pubchem
CID74839,CID74839,CC(=O)N[C@@H](Cc1ccccc1)C(=O)O,academic_HTS_hit,207.23,0.82,pubchem
CID657302,CID657302,O=C1[N-]C(=O)C(c2ccccc2)(c2ccccc2)N1.[Na+],academic_HTS_hit,274.26,-0.44,pubchem
CID11153014,CID11153014,Cc1cc(Nc2ncc(C(=O)Nc3c(C)cccc3Cl)s2)nc(C)n1,academic_HTS_hit,373.87,4.51,pubchem
CID71567,CID71567,N[C@H](Cc1ccccc1)C(=O)O,academic_HTS_hit,165.19,0.64,pubchem
CID56339,CID56339,O=C1NC(c2ccccc2)(c2ccccc2)C(=O)N1COP(=O)(O)O,academic_HTS_hit,362.28,1.55,pubchem
CID65013,CID65013,CCOCn1c(Cc2ccccc2)c(C(C)C)c(=O)[nH]c1=O,academic_HTS_hit,302.37,2.24,pubchem
CID65833,CID65833,CCN(CC)C(=O)[C@]1(c2ccccc2)C[C@@H]1CN,academic_HTS_hit,246.35,1.77,pubchem
CID5464343,CID5464343,CCOC(=O)[C@H](CCc1ccccc1)N[C@@H](C)C(=O)N1C(=O)N(C)C[C@H]1C(=O)O,academic_HTS_hit,405.45,0.88,pubchem
CID6917779,CID6917779,CCN(CC)C(=O)[C@@]1(c2ccccc2)C[C@H]1CN,academic_HTS_hit,246.35,1.77,pubchem
CID3132,CID3132,O=C(O)CNC(=O)C(CS)Cc1ccccc1,academic_HTS_hit,253.32,0.98,pubchem
CID163701,CID163701,CCN(CC)C(=O)[C@]1(c2ccccc2)C[C@@H]1CN.Cl,academic_HTS_hit,282.82,2.19,pubchem
CID3775,CID3775,CC(C)[N+](C)(CCC(C(N)=O)(c1ccccc1)c1ccccc1)C(C)C,academic_HTS_hit,353.53,4.11,pubchem
CID72060,CID72060,CCC(C(=O)NC(N)=O)c1ccccc1,academic_HTS_hit,206.24,1.38,pubchem
CID994,CID994,NC(Cc1ccccc1)C(=O)O,academic_HTS_hit,165.19,0.64,pubchem
CID117761397,CID117761397,CC(C)n1c(=O)cc(N[C@@H](C)c2ccccc2)[nH]c1=O,academic_HTS_hit,273.34,2.29,pubchem
CID10391,CID10391,O=C(CCCl)NCc1ccccc1,academic_HTS_hit,197.66,1.93,pubchem
CID11597698,CID11597698,C[C@@H](Cc1ccccc1)NC(=O)[C@@H](N)CCCCN,academic_HTS_hit,263.38,1.19,pubchem
CID92258,CID92258,NC(=O)CC[C@H](NC(=O)Cc1ccccc1)C(=O)O,academic_HTS_hit,264.28,0.06,pubchem
CID71992,CID71992,CC(=O)SC[C@@H](C)C(=O)N1CCC[C@H]1C(=O)N[C@@H](Cc1ccccc1)C(=O)O,academic_HTS_hit,406.5,1.71,pubchem
CID6479523,CID6479523,CC1(C)S[C@@H]2[C@H](NC(=O)[C@H](NC(=O)N3CCNC3=O)c3ccccc3)C(=O)N2[C@H]1C(=O)O,academic_HTS_hit,461.5,0.09,pubchem
CID11148955,CID11148955,CCCC(C(=O)c1ccccc1)N1CCCC1,academic_HTS_hit,231.34,3.13,pubchem
CID10184529,CID10184529,CC(C)Cn1c(=O)n(C)c(=O)c2c(C(=O)N3C[C@H](O)CO3)c(Cc3c[nH]c4ncccc34)sc21,academic_HTS_hit,483.55,1.63,pubchem
CID470708,CID470708,CCN1c2ncc(CSc3ccncc3)cc2C(=O)N(C)c2ccc(Cl)nc21,academic_HTS_hit,411.92,4.57,pubchem
CID50922681,CID50922681,CC(C)CCNc1ncccc1C(=O)N1CCN(Cc2ccccc2)CC1,academic_HTS_hit,366.51,3.5,pubchem
CID45139106,CID45139106,CS(=O)(=O)O.N#CC1(c2ccc(NC(=O)c3cccnc3NCc3ccncc3)cc2)CCCC1,academic_HTS_hit,493.59,4.18,pubchem
CID11315474,CID11315474,N#CC1(c2ccc(NC(=O)c3cccnc3NCc3ccncc3)cc2)CCCC1,academic_HTS_hit,397.48,4.68,pubchem
CID25108829,CID25108829,Cc1nc(-c2cccnc2)sc1C(=O)Nc1ccccc1-c1cn2c(CN3CCOCC3)csc2n1,academic_HTS_hit,516.65,4.97,pubchem
CID5479539,CID5479539,CO/N=C(\C(=O)N[C@@H]1C(=O)N2C(C(=O)[O-])=C(C[n+]3cccc4c3CCC4)CS[C@H]12)c1csc(N)n1,academic_HTS_hit,514.59,-1.04,pubchem
CID135413525,CID135413525,Nc1nc2c(Cc3cccnc3)c[nH]c2c(=O)[nH]1,academic_HTS_hit,241.25,0.82,pubchem
CID71234,CID71234,CC(CNC(=O)c1cccnc1)NC(=O)c1cccnc1,academic_HTS_hit,284.32,1.02,pubchem
CID9952773,CID9952773,CCc1nc(-c2cccc(C)c2)c(-c2ccnc(NC(=O)c3ccccc3)c2)s1,academic_HTS_hit,399.52,6.0,pubchem
CID25257557,CID25257557,Cc1cnc(CNC(=O)c2c(=O)c3ccc(N4CCCN(C)CC4)nc3n3c2sc2ccccc23)cn1,academic_HTS_hit,513.63,3.23,pubchem
CID120053,CID120053,O=C1Nc2cccnc2N(C(=O)CCl)c2ccccc21,academic_HTS_hit,287.71,2.55,pubchem
CID129532613,CID129532613,CC(C)(NC(=O)c1cn(CCCCCF)c2ncccc12)c1ccccc1,academic_HTS_hit,367.47,4.84,pubchem
CID11339118,CID11339118,O=C(Nc1ccc(C(F)(F)F)cn1)N1CCN(c2ncccc2C(F)(F)F)CC1,academic_HTS_hit,419.33,3.87,pubchem
CID704473,CID704473,Cc1cccc(Nc2nc(-c3ccncc3)cs2)c1,academic_HTS_hit,267.36,4.26,pubchem
CID9864291,CID9864291,CCc1cccc(C)c1CNc1cc(C(N)=O)cn2c(C)c(C)nc12,academic_HTS_hit,336.44,3.53,pubchem
CID23627211,CID23627211,CC#Cc1cncc(-c2csc([C@]3(C)CC(=O)N(C)C(N)=N3)c2)c1,academic_HTS_hit,338.44,2.57,pubchem
CID89655386,CID89655386,Cc1ccc2c(Nc3cccc(Cl)c3F)nccc2c1NC(=O)c1csc2c(N)ncnc12,academic_HTS_hit,478.94,5.92,pubchem
CID6539985,CID6539985,Cc1cccc(NC(=O)Nc2ccc(-c3csc4ncnc(N)c34)cc2)c1,academic_HTS_hit,375.46,4.89,pubchem
CID9902100,CID9902100,CC(=O)Nc1ccc([C@H](C)C(=O)Nc2ncc(C(C)C)s2)cc1,academic_HTS_hit,331.44,3.97,pubchem
CID11559235,CID11559235,CN(C)c1ccnc2sc3c(=O)n(N4CCCCCC4)cnc3c12,academic_HTS_hit,343.46,2.58,pubchem
CID46901383,CID46901383,NC(=O)c1cc(-c2ccnc(NC3CCCCC3)c2)nc(N2CCNCC2)c1,academic_HTS_hit,380.5,2.4,pubchem
CID78007,CID78007,CCNC(=O)c1cccnc1,academic_HTS_hit,150.18,0.83,pubchem
CID115227,CID115227,Cc1[nH]c(=O)c(C#N)cc1-c1ccc2nccn2c1.Cl,academic_HTS_hit,286.72,2.29,pubchem
CID135409535,CID135409535,Cc1ccc2nc(N)[nH]c(=O)c2c1Sc1ccncc1.Cl.Cl,academic_HTS_hit,357.27,3.2,pubchem
CID24946280,CID24946280,CCCSc1nc(N2CCC[C@@H](CC(=O)O)C2)ccc1C(=O)NC1CCCCC1,academic_HTS_hit,419.59,4.34,pubchem
CID26216,CID26216,CCC(=O)N(c1ccccn1)C(C)CN1CCCCC1,academic_HTS_hit,275.4,2.7,pubchem
CID71405,CID71405,CN1CCN(CC(=O)N2c3ccccc3C(=O)Nc3cccnc32)CC1.Cl.Cl,academic_HTS_hit,424.33,2.4,pubchem
CID4463,CID4463,Cc1ccnc2c1NC(=O)c1cccnc1N2C1CC1,academic_HTS_hit,266.3,2.65,pubchem
CID15443,CID15443,O=C(CCCN1CCN(c2ccccn2)CC1)c1ccc(F)cc1,academic_HTS_hit,327.4,3.01,pubchem
CID54677971,CID54677971,CN1C(C(=O)Nc2ccccn2)=C(O)c2sccc2S1(=O)=O,academic_HTS_hit,337.38,1.64,pubchem
CID4098,CID4098,CN(C)CCN(Cc1cccs1)c1ccccn1,academic_HTS_hit,261.39,2.71,pubchem
CID10280735,CID10280735,CN1CCc2nc(C(=O)N[C@@H]3C[C@@H](C(=O)N(C)C)CC[C@@H]3NC(=O)C(=O)Nc3ccc(Cl)cn3)sc2C1,academic_HTS_hit,548.07,1.29,pubchem
CID107867,CID107867,CCN(CC)CC1CCCCN1CC(=O)N1c2ccccc2C(=O)Nc2cccnc21,academic_HTS_hit,421.55,3.51,pubchem
CID4848,CID4848,CN1CCN(CC(=O)N2c3ccccc3C(=O)Nc3cccnc32)CC1,academic_HTS_hit,351.41,1.56,pubchem
CID11667893,CID11667893,CC1(C)CNc2cc(NC(=O)c3cccnc3NCc3ccncc3)ccc21,academic_HTS_hit,373.46,4.04,pubchem
CID7066,CID7066,CN(C)CCN(Cc1ccsc1)c1ccccn1,academic_HTS_hit,261.39,2.71,pubchem
CID56649450,CID56649450,Cc1nc(NC(=O)N2CCC[C@H]2C(N)=O)sc1-c1ccnc(C(C)(C)C(F)(F)F)c1,academic_HTS_hit,441.48,3.84,pubchem
CID68748835,CID68748835,C[C@@H]1[C@H](c2ccccc2)C[C@H](NC(=O)c2cnc3c(c2)C[C@@]2(C3)C(=O)Nc3ncccc32)C(=O)N1CC(F)(F)F,academic_HTS_hit,549.55,3.53,pubchem
CID2519269,CID2519269,Cc1cnc(NC(=O)c2cc(S(=O)(=O)N(C)C)ccc2N2CCCC2)s1,academic_HTS_hit,394.52,2.55,pubchem
CID56971,CID56971,O=C1c2ccccc2S(=O)(=O)N1CCCCN1CCN(c2ncccn2)CC1,academic_HTS_hit,401.49,1.22,pubchem
CID5497,CID5497,CCN(CC)C(=O)c1cccnc1,academic_HTS_hit,178.24,1.56,pubchem
CID4593,CID4593,Cc1[nH]c(=O)c(C#N)cc1-c1ccc2nccn2c1,academic_HTS_hit,250.26,1.87,pubchem
CID6450813,CID6450813,CC(=O)N(C)c1cccc(-c2ccnc3c(C(=O)c4cccs4)cnn23)c1,academic_HTS_hit,376.44,3.67,pubchem
CID10074640,CID10074640,Cc1ccc(NC(=O)c2ccc(CN3CCN(C)CC3)cc2)cc1Nc1nc(-c2cccnc2)cs1,academic_HTS_hit,498.66,5.26,pubchem
CID8667,CID8667,CN(C)CCN(Cc1cccs1)c1ccccn1.Cl,academic_HTS_hit,297.85,3.13,pubchem
CID100472,CID100472,O=C(Cc1ccc(-c2ccccc2)cc1)Nc1ccccn1,academic_HTS_hit,288.35,3.93,pubchem
CID25161177,CID25161177,C[C@@H](NC(=O)c1ncnc(N)c1Cl)c1ncc(C(=O)Nc2cc(C(F)(F)F)c(Cl)cn2)s1,academic_HTS_hit,506.3,3.98,pubchem
CID491941,CID491941,Cc1nc(N(C)C(=O)Cc2ccc(-c3ccccn3)cc2)sc1S(N)(=O)=O,academic_HTS_hit,402.5,2.37,pubchem
CID135400184,CID135400184,Cc1ccc2nc(N)[nH]c(=O)c2c1Sc1ccncc1,academic_HTS_hit,284.34,2.36,pubchem
CID9842556,CID9842556,O=c1c2cccnc2n(-c2cccc([N+](=O)[O-])c2)c(=O)n1Cc1ccncc1,academic_HTS_hit,375.34,1.9,pubchem
CID219990,CID219990,O=C(Nc1ccccn1)c1ccccc1,academic_HTS_hit,198.22,2.33,pubchem
CID682329,CID682329,O=C(NC(=S)Nc1cccnc1)c1ccccc1,academic_HTS_hit,257.32,2.21,pubchem
CID14998470,CID14998470,CCn1c(=O)c2cc(C(N)=O)c(N)nc2n(C2CC2)c1=O,academic_HTS_hit,289.3,-0.41,pubchem
CID46209426,CID46209426,O=C(NCc1ccccc1)c1csc(Nc2ccncn2)n1,academic_HTS_hit,311.37,2.61,pubchem
CID74463,CID74463,O=C(Nc1ccccc1)c1cccnc1,academic_HTS_hit,198.22,2.33,pubchem
CID569547,CID569547,O=C(Nc1nccs1)c1ccccc1,academic_HTS_hit,204.25,2.4,pubchem
CID564741,CID564741,O=C(NCc1ccncc1)C(=O)Nc1nccs1,academic_HTS_hit,262.29,0.79,pubchem
CID289925,CID289925,O=Cc1cc2cccnc2s1,academic_HTS_hit,163.2,2.11,pubchem
CID790718,CID790718,Cc1cccnc1NC(=O)Nc1ccccc1,academic_HTS_hit,227.27,3.03,pubchem
CID802099,CID802099,Cc1ccccc1C(=O)NC(=S)Nc1ncccn1,academic_HTS_hit,272.33,1.91,pubchem
CID4868360,CID4868360,Nc1ccc(-c2nc3ccccc3s2)cn1,academic_HTS_hit,227.29,2.94,pubchem
CID5678845,CID5678845,O=c1[nH]c(=S)[nH]c2nc(-c3cccs3)cc(C(F)(F)F)c12,academic_HTS_hit,329.33,3.73,pubchem
CID70169,CID70169,O=C1Nc2cccnc2Nc2ccccc21,academic_HTS_hit,211.22,2.39,pubchem
CID708470,CID708470,O=C(NC(=S)Nc1ccccn1)c1ccccc1,academic_HTS_hit,257.32,2.21,pubchem
CID10749527,CID10749527,O=Cc1cc2ccncc2s1,academic_HTS_hit,163.2,2.11,pubchem
CID11269410,CID11269410,Cc1nc(Cl)cc(Nc2ncc(C(=O)Nc3c(C)cccc3Cl)s2)n1,academic_HTS_hit,394.29,4.85,pubchem
CID290232,CID290232,Cc1sc2ncnc(N)c2c1C,academic_HTS_hit,179.25,1.89,pubchem
CID1927420,CID1927420,O=C(Nc1ccccn1)C(=O)Nc1ccccn1,academic_HTS_hit,242.24,1.05,pubchem
CID10850461,CID10850461,Cc1cc(=O)[nH]c2c1NC(=O)c1cccnc1N2C1CC1,academic_HTS_hit,282.3,1.94,pubchem
CID139594706,CID139594706,CN(C)C(=O)c1cccnc1S(=O)(=O)NC(=O)NC(N)=O,academic_HTS_hit,315.31,-1.15,pubchem
CID16661115,CID16661115,CN(C)C(=O)[C@H]1CC[C@H](NC(=O)C(=O)Nc2ccc(Cl)cn2)[C@H](NC(=O)c2nc3c(s2)CNCC3)C1,academic_HTS_hit,534.04,0.95,pubchem
CID59676785,CID59676785,CNC(=O)[C@H]1CC[C@H](NC(=O)C(=O)Nc2ccc(Cl)cn2)[C@H](NC(=O)c2nc3c(s2)CN(C)CC3)C1,academic_HTS_hit,534.04,0.95,pubchem
CID86279927,CID86279927,CC(=O)c1c(C)c2cnc(Nc3ccc(C4CCNCC4)cn3)nc2n(C2CCCC2)c1=O,academic_HTS_hit,446.56,4.02,pubchem
CID135413516,CID135413516,Cc1nc(NCc2cccnc2)c(C#N)c(=O)[nH]1,academic_HTS_hit,241.25,0.96,pubchem
CID65614,CID65614,CC(Cc1ccccc1)NC=O,academic_HTS_hit,163.22,1.36,pubchem
CID9805776,CID9805776,CC(C)Cn1c(=O)n(C)c(=O)c2c(C(=O)N3C[C@H](O)CO3)c(Cc3ccnc4ccccc34)sc21,academic_HTS_hit,494.57,2.3,pubchem
CID10966027,CID10966027,c1cc2sccc2c(N2CCNCC2)n1,academic_HTS_hit,219.31,1.71,pubchem
CID9549298,CID9549298,O=C(c1ccc(Nc2nccc(-c3cc4ccccc4s3)n2)cc1)N1CCC(N2CCCC2)CC1,academic_HTS_hit,483.64,5.8,pubchem
CID979718,CID979718,O=C(Nc1c(-c2cccs2)nc2ccccn12)c1ccc(Cl)cc1,academic_HTS_hit,353.83,4.97,pubchem
CID898760,CID898760,CC(C)c1ccc(C(=O)Nc2ccccn2)cc1,academic_HTS_hit,240.31,3.46,pubchem
CID812443,CID812443,C=CCn1c(=S)[nH]c2sc3c(c2c1=O)CCCC3,academic_HTS_hit,278.4,3.19,pubchem
CID68801,CID68801,Cc1ccnc(NC(=O)C(C)c2cccc(C(=O)c3ccccc3)c2)c1,academic_HTS_hit,344.41,4.36,pubchem
CID453338,CID453338,O=C1Nc2c(CO)ccnc2N(C2CC2)c2ncccc21,academic_HTS_hit,282.3,1.84,pubchem
CID72024,CID72024,O=C1c2ccccc2S(=O)(=O)N1CCCN1CCN(c2ncccn2)CC1,academic_HTS_hit,387.47,0.83,pubchem
CID16043304,CID16043304,CNc1nccc(-c2ccc(C(=O)N[C@H](CN)Cc3ccc(Cl)cc3Cl)s2)n1,academic_HTS_hit,436.37,3.85,pubchem
CID936046,CID936046,Nc1nc(Nc2ccccc2)sc1C(=O)c1ccccc1,academic_HTS_hit,295.37,3.7,pubchem
CID9817550,CID9817550,Nc1nccc(-c2c3c(=O)cc[nH]c3n3c(N)nccc23)n1,academic_HTS_hit,293.29,0.8,pubchem
CID126487,CID126487,O=c1c2[nH]cnc2c2cccnc2n1-c1ccccc1,academic_HTS_hit,262.27,2.26,pubchem
CID1936439,CID1936439,N#Cc1c2nc3ccccc3nc2n2ccc(NC(=O)c3cccs3)cc12,academic_HTS_hit,369.41,4.22,pubchem
CID118279413,CID118279413,CCCC[C@H](Cc1c[nH]c2ccccc12)NC(=O)c1cnc(N2CCN(C)CC2)s1,academic_HTS_hit,425.6,3.91,pubchem
CID129989,CID129989,CCN(CC)CCCCC1CCN(CC(=O)N2c3ccccc3C(=O)Nc3cccnc32)CC1,academic_HTS_hit,463.63,4.54,pubchem
CID16660135,CID16660135,CC(C)Nc1cc(-c2csc(N(C)C(=O)c3ccc(F)cc3)n2)ncn1,academic_HTS_hit,371.44,3.84,pubchem
CID225470,CID225470,Nc1ccc(C(=O)Nc2nccs2)cc1,academic_HTS_hit,219.27,1.98,pubchem
CID24752865,CID24752865,Nc1ccc(NC(=O)c2ccc(C(F)(F)F)cc2)nc1,academic_HTS_hit,281.24,2.93,pubchem
CID81976,CID81976,Nc1ccc(C(=O)Nc2ccccn2)cc1,academic_HTS_hit,213.24,1.92,pubchem
CID3059529,CID3059529,Nc1ccc(C(=O)NO)cn1,academic_HTS_hit,153.14,-0.22,pubchem
CID24180707,CID24180707,CN(C)CCN(Cc1ccsc1)c1ccccn1.Cl,academic_HTS_hit,297.85,3.13,pubchem
CID3071941,CID3071941,O=c1c2c(ncn2Cc2ccccc2)c2cccnc2n1-c1ccccc1,academic_HTS_hit,352.4,3.78,pubchem
CID713448,CID713448,CCn1c(=S)[nH]c2sc3c(c2c1=O)CCCC3,academic_HTS_hit,266.39,3.02,pubchem
CID777977,CID777977,O=C(NNC(=O)c1cccs1)c1ccncc1,academic_HTS_hit,247.28,1.22,pubchem
CID37560,CID37560,Nc1ccc(C(=O)Nc2nc3ccccc3s2)cc1,academic_HTS_hit,269.33,3.13,pubchem
CID121006,CID121006,Cn1c(=O)c2[nH]c(-c3ccncc3)nc2n(C)c1=O,academic_HTS_hit,257.25,0.02,pubchem
CID202725,CID202725,O=C(Nc1cccnc1)c1cccnc1,academic_HTS_hit,199.21,1.73,pubchem
CID453331,CID453331,CCN1c2ncccc2C(=O)Nc2c(C)ccnc21,academic_HTS_hit,254.29,2.51,pubchem
CID68277611,CID68277611,O=C(NCc1ccc(S(=O)(=O)c2cc(F)cc(F)c2)cc1)c1ccc2nccn2c1,academic_HTS_hit,427.43,3.38,pubchem
CID72889,CID72889,O=C(NCc1ccccc1)NCc1ccccc1,academic_HTS_hit,240.31,2.69,pubchem
CID16097729,CID16097729,CC1(C)CNc2cc(NC(=O)c3cccnc3NCc3ccncc3)ccc21.O=P(O)(O)O.O=P(O)(O)O,academic_HTS_hit,569.45,2.19,pubchem
CID91585,CID91585,O=C1CCC(N2Cc3ccccc3C2=O)C(=O)N1,academic_HTS_hit,244.25,0.45,pubchem
CID71417,CID71417,CCN(CC)CCNC(=O)c1ccc(NC(C)=O)cc1.Cl,academic_HTS_hit,313.83,2.14,pubchem
CID2015,CID2015,O=c1c2ccccc2[nH]c2ccccc12,academic_HTS_hit,195.22,2.68,pubchem
CID11560224,CID11560224,O=c1cc(C(F)(F)F)c2cc(N(CC(F)(F)F)CC(F)(F)F)ccc2[nH]1,academic_HTS_hit,392.22,4.48,pubchem
CID68482,CID68482,O=C(Nc1ccccc1C(=O)O)c1ccccc1,academic_HTS_hit,241.25,2.64,pubchem
CID16750192,CID16750192,C[C@@H]1CC[C@H]([C@@H](O)C(F)(F)F)N1c1ccc2[nH]c(=O)cc(C(F)(F)F)c2c1,academic_HTS_hit,394.32,3.83,pubchem
CID152031,CID152031,CCNC(=O)[C@@H](C)OC(=O)Nc1ccccc1,academic_HTS_hit,236.27,1.76,pubchem
CID69088,CID69088,Cc1cc(=O)[nH]c2ccccc12,academic_HTS_hit,159.19,1.84,pubchem
CID16616,CID16616,CC(=O)Nc1c(C)cccc1C,academic_HTS_hit,163.22,2.26,pubchem
CID94411,CID94411,CC(C)NC(=O)c1ccccc1N,academic_HTS_hit,178.24,1.41,pubchem
CID16303,CID16303,CC(=O)Nc1ccc(C)cc1C,academic_HTS_hit,163.22,2.26,pubchem
CID12884,CID12884,O=C1C(=O)N(c2ccccc2)c2ccccc21,academic_HTS_hit,223.23,2.55,pubchem
CID10378,CID10378,O=C(O)C(=O)Nc1ccccc1,academic_HTS_hit,165.15,0.71,pubchem
CID11485,CID11485,O=C(CCl)Nc1ccccc1,academic_HTS_hit,169.61,1.86,pubchem
CID7592,CID7592,CC(=O)CC(=O)Nc1ccccc1,academic_HTS_hit,177.2,1.6,pubchem
CID8805,CID8805,CC(=O)Nc1ccc(C(=O)CCl)cc1,academic_HTS_hit,211.65,2.07,pubchem
CID83648,CID83648,O=C1C=CC(=O)N1c1ccc(Cc2ccc(N3C(=O)C=CC3=O)cc2)cc1,academic_HTS_hit,358.35,2.14,pubchem
CID222464,CID222464,CC(=O)CC(=O)Nc1ccc(C)cc1C,academic_HTS_hit,205.26,2.22,pubchem
CID12028,CID12028,CCN(CC)CC(=O)Nc1c(C)cc(C)cc1C,academic_HTS_hit,248.37,2.89,pubchem
CID5475158,CID5475158,CN(C)CCCSc1ccccc1NC(=O)/C=C/c1ccccc1,academic_HTS_hit,340.49,4.38,pubchem
CID28749,CID28749,CC1=C(C(=O)Nc2ccccc2)S(=O)CCO1,academic_HTS_hit,251.31,1.64,pubchem
CID42725,CID42725,Nc1ccc(C(=O)Nc2ccccc2N)cc1,academic_HTS_hit,227.27,2.1,pubchem
CID13662,CID13662,O=C1C=CC(=O)N1c1ccccc1,academic_HTS_hit,173.17,1.12,pubchem
CID1884,CID1884,O=C(O)c1cc(=O)c2ccc(Cl)cc2[nH]1,academic_HTS_hit,223.61,1.88,pubchem
CID6918848,CID6918848,CC(C)[C@H](C(=O)Nc1ccc(C(=O)NO)cc1)c1ccccc1,academic_HTS_hit,312.37,3.18,pubchem
CID11321,CID11321,CC(=O)N1C(=O)C(=O)c2ccccc21,academic_HTS_hit,189.17,0.76,pubchem
CID34210,CID34210,CC(=O)Nc1cccc2c1-c1ccccc1C2,academic_HTS_hit,223.27,3.22,pubchem
CID96338,CID96338,CCc1cccc(CC)c1NC(=O)CCl,academic_HTS_hit,225.72,2.99,pubchem
CID15842092,CID15842092,CCc1cccc(C)c1N(C(=O)C(=O)O)C(C)COC,academic_HTS_hit,279.34,2.01,pubchem
CID27491,CID27491,O=c1[nH]c2ccccc2[nH]c1=O,academic_HTS_hit,162.15,0.22,pubchem
CID11942,CID11942,CC(=O)Nc1ccc(-c2ccc(NC(C)=O)cc2)cc1,academic_HTS_hit,268.32,3.27,pubchem
CID19998,CID19998,CC(=O)Nc1ccc(-c2ccccc2)cc1,academic_HTS_hit,211.26,3.31,pubchem
CID42963,CID42963,Cc1cccc(C)c1NC(=O)CN(CC(=O)O)CC(=O)O,academic_HTS_hit,294.31,0.71,pubchem
CID688020,CID688020,C/C=C/C(=O)N(CC)c1ccccc1C,academic_HTS_hit,203.28,2.92,pubchem
CID16219577,CID16219577,CCN(CC)CC(=O)Nc1c(C)cccc1C.Cl.O,academic_HTS_hit,288.82,2.18,pubchem
CID27195,CID27195,O=C(Nc1ccccc1)c1ccccc1I,academic_HTS_hit,323.13,3.54,pubchem
CID7604,CID7604,CC(=O)Nc1cccc(N)c1,academic_HTS_hit,150.18,1.23,pubchem
CID10308,CID10308,c1ccc2c(c1)CCc1ccccc1N2,academic_HTS_hit,195.26,3.53,pubchem
CID23537,CID23537,CC(=O)Nc1ccc(C)c(Cl)c1,academic_HTS_hit,183.64,2.61,pubchem
CID25712,CID25712,NC(=O)Nc1cccc(C(F)(F)F)c1,academic_HTS_hit,204.15,2.2,pubchem
CID2787703,CID2787703,Cc1ccccc1NC(N)=S,academic_HTS_hit,166.25,1.65,pubchem
CID135400457,CID135400457,Cc1nc2ccccc2c(=O)[nH]1,academic_HTS_hit,160.18,1.23,pubchem
CID7154,CID7154,CC(=O)CC(=O)Nc1ccccc1C,academic_HTS_hit,191.23,1.91,pubchem
CID8981,CID8981,CC1=CC(C)(C)Nc2ccccc21,academic_HTS_hit,173.26,3.29,pubchem
CID2474,CID2474,CCCCN1CCCCC1C(=O)Nc1c(C)cccc1C,academic_HTS_hit,288.44,3.9,pubchem
CID13086,CID13086,Cc1cccc(C)c1NC(=O)c1ccc(N)cc1,academic_HTS_hit,240.31,3.14,pubchem
CID77098,CID77098,CC1=CC(C)(C)Nc2ccc(-c3ccccc3)cc21,academic_HTS_hit,249.36,4.96,pubchem
CID164974,CID164974,CCCCCCCc1cc(=O)c2ccccc2[nH]1,academic_HTS_hit,243.35,4.04,pubchem
CID80893,CID80893,Cc1ccc(N2C(=O)C=CC2=O)cc1N1C(=O)C=CC1=O,academic_HTS_hit,282.26,0.85,pubchem
CID1800393,CID1800393,S=c1ccc2ccccc2[nH]1,academic_HTS_hit,161.23,2.9,pubchem
CID94776,CID94776,Cc1ccccc1N1C(=O)c2ccccc2C1=O,academic_HTS_hit,237.26,2.8,pubchem
CID78503,CID78503,O=C(Nc1cccc([N+](=O)[O-])c1)c1ccccc1,academic_HTS_hit,242.23,2.85,pubchem
CID2843496,CID2843496,CCN(CC)CC(=O)Nc1c(C)cc(C)cc1C.Cl,academic_HTS_hit,284.83,3.31,pubchem
CID65743,CID65743,CC(=O)Nc1c(C)n(C)n(-c2ccccc2)c1=O,academic_HTS_hit,245.28,1.44,pubchem
CID223943,CID223943,CC(O)C(=O)Nc1ccccc1,academic_HTS_hit,165.19,1.01,pubchem
CID98889,CID98889,Cc1c(O)c(=O)n(-c2ccccc2)n1C,academic_HTS_hit,204.23,1.19,pubchem
CID2608606,CID2608606,Cc1cccc(C)c1NC(=O)CN1CCNCC1,academic_HTS_hit,247.34,1.15,pubchem
CID439922,CID439922,O=C(O)CC(=O)Nc1ccccc1C(=O)O,academic_HTS_hit,223.18,0.8,pubchem
CID220188,CID220188,O=c1[nH]c2ccccc2c(=O)n1O,academic_HTS_hit,178.15,-0.07,pubchem
CID255653,CID255653,CC(=O)Nc1ccc2ccc3cccc4ccc1c2c34,academic_HTS_hit,259.31,4.54,pubchem
CID2816621,CID2816621,Cc1ccnc(-n2c(=S)[nH]c3sc(C)c(C)c3c2=O)c1,academic_HTS_hit,303.41,3.43,pubchem
CID73565,CID73565,O=C1NC(=O)C(Cc2ccccc2)N1,academic_HTS_hit,190.2,0.44,pubchem
CID18542136,CID18542136,O.O.O=c1c(O)c(-c2ccc(O)cc2O)oc2cc(O)cc(O)c12,academic_HTS_hit,338.27,0.34,pubchem
CID818159,CID818159,O=c1[nH]c2ccccc2cc1O,academic_HTS_hit,161.16,1.23,pubchem
CID4775,CID4775,O=C(O)CCCc1ccccc1,academic_HTS_hit,164.2,2.09,pubchem
CID18156,CID18156,O=C1C=CC(=O)N1c1cccc(N2C(=O)C=CC2=O)c1,academic_HTS_hit,268.23,0.55,pubchem
CID87833,CID87833,Cc1cccc(C)c1NC(=O)CN,academic_HTS_hit,178.23,1.2,pubchem
CID7067,CID7067,CCN(CCO)c1cccc(C)c1,academic_HTS_hit,179.26,1.81,pubchem
CID20523,CID20523,O=C(CCCCC(=O)Nc1ccccc1)Nc1ccccc1,academic_HTS_hit,296.37,3.82,pubchem
CID11820,CID11820,Cn1c(=O)ccc2ccccc21,academic_HTS_hit,159.19,1.54,pubchem
CID14569,CID14569,Cc1cccc(Nc2ccccc2)c1,academic_HTS_hit,183.25,3.74,pubchem
CID135403814,CID135403814,Nc1nc2ccccc2c(=O)[nH]1,academic_HTS_hit,161.16,0.51,pubchem
CID27689,CID27689,CCNC(=O)C(C)OC(=O)Nc1ccccc1,academic_HTS_hit,236.27,1.76,pubchem
CID24361,CID24361,Cc1cccc(C)c1NC(=O)CN1CCCC1,academic_HTS_hit,232.33,2.34,pubchem
CID3925,CID3925,CC[N+](CC)(CC)CC(=O)Nc1c(C)cccc1C,academic_HTS_hit,263.41,3.12,pubchem
CID95019,CID95019,CC(=O)Nc1ccc([As](=O)(O)O)cc1,academic_HTS_hit,259.09,-0.79,pubchem
CID5091716,CID5091716,O=C(Nc1ccccc1C(=O)[O-])c1ccccc1,academic_HTS_hit,240.24,1.3,pubchem
CID155385,CID155385,CC(C)N(C(=O)C(=O)O)c1ccccc1,academic_HTS_hit,207.23,1.51,pubchem
CID14924483,CID14924483,CCc1cccc(CC)c1N(COC)C(=O)C(=O)O,academic_HTS_hit,265.31,1.83,pubchem
CID16212222,CID16212222,CC(C)N(C(=O)C(=O)O)c1ccc(F)cc1,academic_HTS_hit,225.22,1.65,pubchem
CID18787,CID18787,CC(=O)Nc1ccc(-c2ccc(N)cc2)cc1,academic_HTS_hit,226.28,2.89,pubchem
CID7591,CID7591,CCOC(=O)Nc1ccccc1,academic_HTS_hit,165.19,2.26,pubchem
CID8641,CID8641,Nc1cccc(-n2ccccc2=O)c1,academic_HTS_hit,186.21,1.42,pubchem
CID62370,CID62370,CCC(=O)N(CC(C)N(C)CCc1ccccc1)c1ccccc1,academic_HTS_hit,324.47,3.99,pubchem
CID54677977,CID54677977,CC(O)=C(C#N)C(=O)Nc1ccc(C(F)(F)F)cc1,academic_HTS_hit,270.21,3.0,pubchem
CID14313,CID14313,Cc1cccc2c1NC(=O)C2=O,academic_HTS_hit,161.16,1.13,pubchem
CID26384,CID26384,Cc1nc2ccccc2[nH]c1=O,academic_HTS_hit,160.18,1.23,pubchem
CID88043,CID88043,Cc1ccc(C(N)=O)cc1N,academic_HTS_hit,150.18,0.68,pubchem
CID7691,CID7691,CC(=O)Nc1ccc([N+](=O)[O-])cc1,academic_HTS_hit,180.16,1.55,pubchem
CID7106,CID7106,c1ccc2c(c1)Cc1ccccc1N2,academic_HTS_hit,181.24,3.33,pubchem
CID26219,CID26219,N#CC1C=Cc2ccccc2N1C(=O)c1ccccc1,academic_HTS_hit,260.3,3.25,pubchem
CID10382,CID10382,O=C(CS)Nc1ccccc1,academic_HTS_hit,167.23,1.55,pubchem
CID87146,CID87146,Cc1ccc(NC(=O)N(C)C)cc1NC(=O)N(C)C,academic_HTS_hit,264.33,2.18,pubchem
CID54680871,CID54680871,O=c1cc(O)c2ccccc2[nH]1,academic_HTS_hit,161.16,1.23,pubchem
CID6971,CID6971,CC(=O)Nc1ccccc1C(=O)O,academic_HTS_hit,179.17,1.34,pubchem
CID8274,CID8274,C=CCC1(c2ccccc2)C(=O)NC(=O)NC1=O,academic_HTS_hit,244.25,0.87,pubchem
CID66160,CID66160,CC1(c2ccccc2)C(=O)NC(=O)NC1=O,academic_HTS_hit,218.21,0.31,pubchem
CID7011,CID7011,CCC(C(N)=O)c1ccccc1,academic_HTS_hit,163.22,1.67,pubchem
CID121397,CID121397,O=C1CC(c2ccccc2)CN1,academic_HTS_hit,161.2,1.29,pubchem
CID5281143,CID5281143,CC(C)C[C@@H]1NC(=O)[C@H](C)N(C)C(=O)CNC(=O)/C(=C/c2ccccc2)N(C)C1=O,academic_HTS_hit,414.51,0.99,pubchem
CID67535,CID67535,CC(C)N1C(=O)c2ccccc2C1=O,academic_HTS_hit,189.21,1.69,pubchem
CID25354,CID25354,CCCNC(=O)c1ccccc1,academic_HTS_hit,163.22,1.83,pubchem
CID4402710,CID4402710,O=C([O-])CNC(=O)c1ccccc1,academic_HTS_hit,178.17,-0.83,pubchem
CID5362118,CID5362118,NCCCC[C@H](N[C@@H](CCc1ccccc1)C(=O)O)C(=O)N1CCC[C@H]1C(=O)O.O.O,academic_HTS_hit,441.53,-0.41,pubchem
CID22887897,CID22887897,NCCCC[C@H](N[C@@H](CCc1ccccc1)C(=O)O)C(=O)N1CCC[C@H]1C(=O)O.O,academic_HTS_hit,423.51,0.41,pubchem
CID9376,CID9376,O=C(CCCl)NCCc1ccccc1,academic_HTS_hit,211.69,1.97,pubchem
CID6917719,CID6917719,C[C@H](N[C@@H](CCc1ccccc1)C(=O)O)C(=O)N1CCC[C@H]1C(=O)O.O.O,academic_HTS_hit,384.43,-0.52,pubchem
CID640021,CID640021,C[C@@]1(c2ccccc2)NC(=O)NC1=O,academic_HTS_hit,190.2,0.74,pubchem
CID107921,CID107921,CC[C@@]1(c2ccccc2)NC(=O)N(C)C1=O,academic_HTS_hit,218.26,1.47,pubchem
CID895546,CID895546,O=C(NC(=S)NC1CCCCC1)c1ccccc1,academic_HTS_hit,262.38,2.62,pubchem
CID1002,CID1002,O=C1NC(=O)C(c2ccccc2)N1,academic_HTS_hit,176.18,0.57,pubchem
CID194777,CID194777,CNC(=O)[C@H](Cc1ccccc1)NC(=O)[C@@H](CC(=O)NO)CC(C)C,academic_HTS_hit,349.43,1.02,pubchem
CID2000,CID2000,CC(=O)NC(Cc1ccccc1)C(=O)O,academic_HTS_hit,207.23,0.82,pubchem
CID123742,CID123742,O=C(O)CCNC(=O)C(CS)Cc1ccccc1,academic_HTS_hit,267.35,1.37,pubchem
CID5464097,CID5464097,C[C@H](N[C@@H](CCc1ccccc1)C(=O)O)C(=O)N1[C@H](C(=O)O)C[C@H]2CCCC[C@@H]21,academic_HTS_hit,402.49,2.29,pubchem
CID5486715,CID5486715,O=C(O)CCNC(=O)[C@H](Cc1ccccc1)N[C@@H](Cc1ccccc1)C(=O)O,academic_HTS_hit,384.43,1.47,pubchem
CID3457,CID3457,CCOCn1c(Cc2cc(C)cc(C)c2)c(C(C)C)c(=O)[nH]c1=O,academic_HTS_hit,330.43,2.86,pubchem
CID4124851,CID4124851,Cn1sc(=O)n(Cc2ccccc2)c1=O,academic_HTS_hit,222.27,0.66,pubchem
CID5464344,CID5464344,C[C@H](N[C@@H](CCc1ccccc1)C(=O)O)C(=O)N1C(=O)N(C)C[C@H]1C(=O)O,academic_HTS_hit,377.4,0.4,pubchem
CID16656685,CID16656685,NCC(=O)N1C[C@H](NC(=O)c2ccccc2)C[C@H]1C(=O)O,academic_HTS_hit,291.31,-0.57,pubchem
CID152323,CID152323,O=C(O)CNC(=O)CCc1ccccc1,academic_HTS_hit,207.23,0.82,pubchem
CID70143,CID70143,CC(=O)NCCc1ccccc1,academic_HTS_hit,163.22,1.37,pubchem
CID122267,CID122267,CN[C@H](Cc1ccccc1)C(=O)N1CCC[C@H]1C(=O)N[C@H](C=O)CCCN=C(N)N,academic_HTS_hit,416.53,-0.45,pubchem
CID123982,CID123982,C[C@H](NC(=O)[C@@H](CC(=O)NO)Cc1ccccc1)C(=O)O,academic_HTS_hit,294.31,0.33,pubchem
CID5485193,CID5485193,CCOC(=O)[C@H](CCc1ccccc1)N[C@@H](C)C(=O)N1C(=O)N(C)C[C@H]1C(=O)O.Cl,academic_HTS_hit,441.91,1.3,pubchem
CID72946782,CID72946782,CCOC(=O)NCCCC(=O)NCCc1ccccc1,academic_HTS_hit,278.35,1.87,pubchem
CID91480,CID91480,CCC1(c2ccccc2)NC(=O)NC1=O,academic_HTS_hit,204.23,1.13,pubchem
CID640429,CID640429,CC1(C)S[C@@H]2[C@H](NC(=O)Cc3ccccc3)C(=O)N2[C@H]1C(=O)[O-],academic_HTS_hit,333.39,-0.47,pubchem
CID9886079,CID9886079,CC1(C)CCC[C@H](NC(=O)[C@@H](S)Cc2ccccc2)C(=O)N1CC(=O)O,academic_HTS_hit,378.49,1.89,pubchem
CID65926,CID65926,NCC1CC(=O)N(Cc2ccccc2)C1,academic_HTS_hit,204.27,0.99,pubchem
CID6993090,CID6993090,N[C@@H](Cc1ccccc1)C(=O)N[C@@H](Cc1ccccc1)C(=O)O,academic_HTS_hit,312.37,1.37,pubchem
CID122296,CID122296,CC(=O)N[C@H](Cc1ccccc1)C(=O)N1CCC[C@H]1C(=O)N[C@@H](CCCN=C(N)N)B(O)O,academic_HTS_hit,460.34,-1.72,pubchem
CID6992304,CID6992304,N[C@@H](Cc1ccccc1)C(=O)NCC(=O)O,academic_HTS_hit,222.24,-0.24,pubchem
CID65673,CID65673,O=C1NC(=O)C2(N1)c1cc(F)ccc1-c1ccc(F)cc12,academic_HTS_hit,286.24,2.03,pubchem
CID56260,CID56260,O=C1CC[C@H](NC(=O)Cc2ccccc2)C(=O)N1,academic_HTS_hit,246.27,0.15,pubchem
CID71475145,CID71475145,C=C=CCNC(=O)c1ccc(F)cc1,academic_HTS_hit,191.2,1.9,pubchem
CID111299,CID111299,N[C@@H](CCC(=O)N[C@@H](Cc1ccccc1)C(=O)O)C(=O)O,academic_HTS_hit,294.31,-0.01,pubchem
CID10634426,CID10634426,COC[C@H](NC(C)=O)C(=O)NCc1ccccc1,academic_HTS_hit,250.3,0.45,pubchem
CID23649427,CID23649427,CN1C(=O)CC[C@H]1C(=O)NCc1cccc(C(F)(F)F)c1Cl,academic_HTS_hit,334.72,2.6,pubchem
CID5464096,CID5464096,C[C@H](N[C@@H](CCc1ccccc1)C(=O)O)C(=O)N1[C@H](C(=O)O)C[C@@H]2CCC[C@@H]21,academic_HTS_hit,388.46,1.9,pubchem
CID24415,CID24415,CCNCC(=O)Nc1c(C)cccc1C,academic_HTS_hit,206.29,1.85,pubchem
CID91649,CID91649,CC(C)(O)C(=O)Nc1ccc([N+](=O)[O-])c(C(F)(F)F)c1,academic_HTS_hit,292.21,2.32,pubchem
CID54684141,CID54684141,C/C(O)=C(\C#N)C(=O)Nc1ccc(C(F)(F)F)cc1,academic_HTS_hit,270.21,3.0,pubchem
CID38945,CID38945,Cc1cccc(C)c1NC(=O)C(C)N,academic_HTS_hit,192.26,1.59,pubchem
CID66070,CID66070,Cc1cccc(C)c1NC(=O)C1CCCCN1C.Cl,academic_HTS_hit,282.81,3.15,pubchem
CID92163,CID92163,CCCNC(C)C(=O)Nc1ccccc1C.Cl,academic_HTS_hit,256.78,2.74,pubchem
CID92253,CID92253,CCCCN1CCCC[C@H]1C(=O)Nc1c(C)cccc1C,academic_HTS_hit,288.44,3.9,pubchem
CID60511,CID60511,CC(Cc1ccccc1)(NC(=O)CN)c1ccccc1,academic_HTS_hit,268.36,2.22,pubchem
CID4062,CID4062,Cc1cccc(C)c1NC(=O)C1CCCCN1C,academic_HTS_hit,246.35,2.73,pubchem
CID175805,CID175805,CCCN1CCCC[C@H]1C(=O)Nc1c(C)cccc1C,academic_HTS_hit,274.41,3.51,pubchem
CID2746,CID2746,CC(=O)Nc1ccc(C(=O)Nc2ccccc2N)cc1,academic_HTS_hit,269.3,2.48,pubchem
CID1853,CID1853,O=c1[nH]c2ccccc2c2ccccc12,academic_HTS_hit,195.22,2.68,pubchem
CID6314,CID6314,CCN(CC)CC(=O)Nc1c(C)cccc1C.Cl,academic_HTS_hit,270.8,3.01,pubchem
CID37497,CID37497,CCCN(CC)C(CC)C(=O)Nc1c(C)cccc1C,academic_HTS_hit,276.42,3.75,pubchem
CID6992310,CID6992310,CC(C)C[C@H](N)C(=O)N[C@@H](Cc1ccccc1)C(=O)O,academic_HTS_hit,278.35,1.17,pubchem
CID54676478,CID54676478,CN(C(=O)c1c(O)c2ccccc2n(C)c1=O)c1ccccc1,academic_HTS_hit,308.34,2.52,pubchem
CID108173,CID108173,Cc1cccc(C)c1NC(=O)C(C)N.Cl,academic_HTS_hit,228.72,2.01,pubchem
CID9212,CID9212,C1=Cc2ccccc2Nc2ccccc21,academic_HTS_hit,193.25,3.91,pubchem
CID27833,CID27833,CCOC(=O)N1c2ccccc2C=CC1OCC,academic_HTS_hit,247.29,3.04,pubchem
CID4906,CID4906,CCCNC(C)C(=O)Nc1ccccc1C,academic_HTS_hit,220.32,2.32,pubchem
CID443387,CID443387,CC1(C)S[C@@H]2[C@H](N3C(=O)[C@@H](c4ccccc4)NC3(C)C)C(=O)N2[C@H]1C(=O)O,academic_HTS_hit,389.48,1.41,pubchem
CID3194,CID3194,O=c1c2ccccc2[se]n1-c1ccccc1,academic_HTS_hit,274.18,2.05,pubchem
CID67095330,CID67095330,O=C(NC1CC1)C(=O)C(Cc1ccccc1)NC(=O)[C@H]1CCC(=O)N1Cc1ccccc1,academic_HTS_hit,433.51,1.75,pubchem
CID4342,CID4342,CCN(CC)CCNC(=O)c1ccc(NC(C)=O)cc1,academic_HTS_hit,277.37,1.72,pubchem
CID21307,CID21307,CC1=C(C(=O)Nc2ccccc2)SCCO1,academic_HTS_hit,235.31,2.62,pubchem
CID3676,CID3676,CCN(CC)CC(=O)Nc1c(C)cccc1C,academic_HTS_hit,234.34,2.58,pubchem
CID2554,CID2554,NC(=O)N1c2ccccc2C=Cc2ccccc21,academic_HTS_hit,236.27,3.39,pubchem
CID5311,CID5311,O=C(CCCCCCC(=O)Nc1ccccc1)NO,academic_HTS_hit,264.32,2.47,pubchem
CID2148,CID2148,Nc1ccc(C(=O)NCC(=O)O)cc1,academic_HTS_hit,194.19,0.08,pubchem
CID24685,CID24685,CC(C)OC(=O)Nc1ccccc1,academic_HTS_hit,179.22,2.64,pubchem
CID2018,CID2018,CC(=O)Nc1ccc(CC(=O)O)cc1,academic_HTS_hit,193.2,1.27,pubchem
CID3397,CID3397,CC(C)C(=O)Nc1ccc([N+](=O)[O-])c(C(F)(F)F)c1,academic_HTS_hit,276.21,3.21,pubchem
CID25022340,CID25022340,CN[C@@H](C)C(=O)N[C@H]1CN(C(=O)CC(C)C)CC[C@H]2CC[C@@H](C(=O)NC(c3ccccc3)c3ccccc3)N2C1=O,academic_HTS_hit,561.73,2.62,pubchem
CID25215428,CID25215428,CCn1c(C(=O)c2cc(C)cc(C#N)c2)c(C(C)C)c(=O)[nH]c1=O,academic_HTS_hit,325.37,2.09,pubchem
CID34312,CID34312,NC(=O)N1c2ccccc2CC(=O)c2ccccc21,academic_HTS_hit,252.27,2.64,pubchem
CID4616,CID4616,O=C1Nc2ccc(Cl)cc2C(c2ccccc2)=NC1O,academic_HTS_hit,286.72,2.45,pubchem
CID5897,CID5897,CC(=O)Nc1ccc2c(c1)Cc1ccccc1-2,academic_HTS_hit,223.27,3.22,pubchem
CID40632,CID40632,Cc1ccc(=O)n(-c2ccccc2)c1,academic_HTS_hit,185.23,2.15,pubchem
CID3845,CID3845,O=C(O)c1cc(=O)c2ccccc2[nH]1,academic_HTS_hit,189.17,1.23,pubchem
CID64048,CID64048,O=c1[nH]c(=O)c2ccccc2[nH]1,academic_HTS_hit,162.15,0.22,pubchem
CID68144,CID68144,O=C(O)CNC(=O)Cc1ccccc1,academic_HTS_hit,193.2,0.43,pubchem
CID2883,CID2883,CC=CC(=O)N(CC)c1ccccc1C,academic_HTS_hit,203.28,2.92,pubchem
CID136025899,CID136025899,CNC(=O)c1cnc2c(=O)[nH]c(N)nc2n1,BH4_analog,220.19,-1.35,pubchem
CID11806996,CID11806996,CCC(=O)c1cnc2c(n1)c(=O)n(C)c(=O)n2C,BH4_analog,248.24,-0.38,pubchem
CID10922507,CID10922507,CC[C@H](O)c1cnc2[nH]c(=O)n(C)c(=O)c2n1,BH4_analog,236.23,-0.54,pubchem
CID10609713,CID10609713,CCC(=O)c1cnc2[nH]c(=O)n(C)c(=O)c2n1,BH4_analog,234.21,-0.39,pubchem
CID639142,CID639142,CCC(=O)c1cnc2[nH]c(=O)[nH]c(=O)c2n1,BH4_analog,220.19,-0.4,pubchem
CID135909519,CID135909519,C[C@@H](O)[C@H](O)c1cnc2nc(N)[nH]c(=O)c2n1,BH4_analog,237.22,-1.29,pubchem
CID162671453,CID162671453,C[C@H](OS(=O)(=O)O)[C@H](O)c1cnc2nc(N)[nH]c(=O)c2n1,BH4_analog,317.28,-1.46,pubchem
CID135738580,CID135738580,C[C@H](O)[C@@H](O)c1cnc2nc(N)[nH]c(=O)c2n1,BH4_analog,237.22,-1.29,pubchem
CID135674618,CID135674618,CCOCc1cnc2nc(N)[nH]c(=O)c2n1,BH4_analog,221.22,-0.17,pubchem
CID162651294,CID162651294,C[C@H](OS(=O)(=O)O)[C@H](O)c1cnc2nc(N)n(C)c(=O)c2n1,BH4_analog,331.31,-1.45,pubchem
CID14825209,CID14825209,COCCC(=O)c1cnc2c(n1)c(=O)n(C)c(=O)n2C,BH4_analog,278.27,-0.75,pubchem
CID135401454,CID135401454,CC(=O)Nc1nc2nc(C)cnc2c(=O)[nH]1,BH4_analog,219.2,-0.02,pubchem
CID135520106,CID135520106,CC(=O)O[C@@H](C)[C@H](OC(C)=O)c1cnc2nc(N)[nH]c(=O)c2n1,BH4_analog,321.29,-0.15,pubchem
CID136846152,CID136846152,Nc1nc2nc(C(=O)NCC(=O)O)cnc2c(=O)[nH]1,BH4_analog,264.2,-1.89,pubchem
CID56741902,CID56741902,O=C(c1cncc(N2CCC(O)(CO)CC2)n1)N1CCCC1,BH4_analog,306.37,0.04,pubchem
CID101916233,CID101916233,Cn1c(=O)c2nc(C(=O)CCO)cnc2n(C)c1=O,BH4_analog,264.24,-1.41,pubchem
CID135481187,CID135481187,Nc1nc2ncc(C(=O)C3OP(=O)(O)OCC3O)nc2c(=O)[nH]1,BH4_analog,343.19,-1.65,pubchem
CID135484652,CID135484652,C[C@H](O)[C@H](O)[C@@H](O)c1cnc2nc(N)[nH]c(=O)c2n1,BH4_analog,267.24,-1.93,pubchem
CID70783063,CID70783063,Cc1nccnc1N1CC[C@@H](NC(=O)c2cnccn2)[C@H](O)C1,BH4_analog,314.35,-0.06,pubchem
CID162653644,CID162653644,C[C@@H](NC(=O)c1cnc2c(=O)[nH]c(N)nc2n1)C(=O)O,BH4_analog,278.23,-1.5,pubchem
CID135435192,CID135435192,C[C@@H]1CCCCC1c1cnc2c(=O)[nH]cnc2n1,BH4_analog,244.3,2.01,pubchem
CID135894425,CID135894425,CC(=O)c1cnc2c(=O)[nH]c(N)nc2n1,BH4_analog,205.18,-0.5,pubchem
CID135431315,CID135431315,Cc1cnc2c(=O)[nH]c(N)nc2n1,BH4_analog,177.17,-0.4,pubchem
CID162648035,CID162648035,C[C@H](NC(=O)c1cnc2c(=O)[nH]c(N)nc2n1)C(=O)O,BH4_analog,278.23,-1.5,pubchem
CID136086941,CID136086941,CCC(=O)c1cnc2c(=O)[nH]c(N)nc2n1,BH4_analog,219.2,-0.11,pubchem
CID14825211,CID14825211,Cn1c(=O)[nH]c2ncc(C(=O)CCO)nc2c1=O,BH4_analog,250.21,-1.42,pubchem
CID22223258,CID22223258,NC1NC(=O)c2nc(CO)cnc2N1,BH4_analog,195.18,-1.63,pubchem
CID136416564,CID136416564,Nc1nc2c(c(=O)[nH]1)NCN2CC(F)CCO,BH4_analog,243.24,-0.74,pubchem
CID135423678,CID135423678,Cc1cnc2nc(NC(=O)C(C)(C)C)[nH]c(=O)c2n1,BH4_analog,261.29,1.01,pubchem
CID14607479,CID14607479,CSc1nc2c(c(=O)n1C)N[C@H]1[C@H](O)[C@H](O)CO[C@H]1N2,BH4_analog,300.34,-1.21,pubchem
CID136450430,CID136450430,Nc1nc2c(c(=O)[nH]1)NCN2CC(F)(F)CC(O)CO,BH4_analog,291.26,-1.08,pubchem
CID168271739,CID168271739,CCC(=O)Nc1cnc(C(=O)O)cn1,BH4_analog,195.18,0.52,pubchem
CID135566400,CID135566400,C[C@H]1O[C@@H](n2c(=O)[nH]c3c(=O)[nH]c(N)nc32)C[C@@H]1O,BH4_analog,267.24,-1.34,pubchem
CID135566856,CID135566856,C[C@H](O)[C@H](O)[C@H]1C=Nc2nc(N)[nH]c(=O)c2N1,BH4_analog,239.24,-1.41,pubchem
CID135403659,CID135403659,C[C@H](O)[C@H](O)c1cnc2nc(N)[nH]c(=O)c2n1,BH4_analog,237.22,-1.29,pubchem
CID135415975,CID135415975,Nc1nc2ncc(CO)nc2c(=O)[nH]1,BH4_analog,193.17,-1.21,pubchem
CID135416532,CID135416532,Cc1cnc2nc(N)[nH]c(=O)c2n1,BH4_analog,177.17,-0.4,pubchem
CID135925131,CID135925131,CCCCC#Cc1cnc2nc(N)[nH]c(=O)c2n1,BH4_analog,243.27,0.84,pubchem
CID135409352,CID135409352,Nc1nc2ncc(C=O)nc2c(=O)[nH]1,BH4_analog,191.15,-0.89,pubchem
CID135403803,CID135403803,Nc1nc2ncc(C(=O)O)nc2c(=O)[nH]1,BH4_analog,207.15,-1.01,pubchem
CID135449517,CID135449517,C[C@@H](O)[C@@H](O)c1cnc2nc(N)[nH]c(=O)c2n1,BH4_analog,237.22,-1.29,pubchem
CID135398729,CID135398729,CC(O)C(O)c1cnc2nc(N)[nH]c(=O)c2n1,BH4_analog,237.22,-1.29,pubchem
CID6325373,CID6325373,O=c1[nH]c(=O)c2nc(CO)cnc2[nH]1,BH4_analog,194.15,-1.5,pubchem
CID135447887,CID135447887,CC(=O)Nc1nc2ncc(C=O)nc2c(=O)[nH]1,BH4_analog,233.19,-0.52,pubchem
CID135451578,CID135451578,Nc1nc2ncc(COP(=O)(O)O)nc2c(=O)[nH]1,BH4_analog,273.14,-1.1,pubchem
CID135460042,CID135460042,Nc1nc2nc(C(=O)O)cnc2c(=O)[nH]1,BH4_analog,207.15,-1.01,pubchem
CID162659425,CID162659425,C[C@H](OS(=O)(=O)O)[C@H](OS(=O)(=O)O)c1cnc2nc(N)[nH]c(=O)c2n1,BH4_analog,397.35,-1.64,pubchem
CID135418284,CID135418284,CCOCc1nc2nccnc2c(=O)[nH]1,BH4_analog,206.2,0.25,pubchem
CID135764911,CID135764911,CC(O)C(O)c1cnc2c(=O)[nH]c(N)nc2n1,BH4_analog,237.22,-1.29,pubchem
CID135440058,CID135440058,Nc1nc2ncc(COP(=O)(O)OP(=O)(O)O)nc2c(=O)[nH]1,BH4_analog,353.12,-0.98,pubchem
CID168275565,CID168275565,CCC(=O)Nc1cncc(C(=O)O)n1,BH4_analog,195.18,0.52,pubchem
CID137003970,CID137003970,C[C@H](O)C(=O)c1cnc2nc(N)[nH]c(=O)c2n1,BH4_analog,235.2,-1.14,pubchem
CID14825208,CID14825208,COCCC(=O)c1cnc2[nH]c(=O)n(C)c(=O)c2n1,BH4_analog,264.24,-0.76,pubchem
CID137177198,CID137177198,C[C@H](O)C(O)[C@@H](O)c1cnc2nc(N)[nH]c(=O)c2n1,BH4_analog,267.24,-1.93,pubchem
CID136166745,CID136166745,O=c1[nH]c(NCO)nc2nccnc12,BH4_analog,193.17,-0.93,pubchem
CID135967978,CID135967978,CC(C)C(=O)Nc1nc2ncc(C=O)nc2c(=O)[nH]1,BH4_analog,261.24,0.12,pubchem
CID89524095,CID89524095,CC(O)C(O)c1cnc2c(n1)NC(N)N[C@H]2O,BH4_analog,241.25,-1.86,pubchem
CID69004743,CID69004743,NN1CNC(=O)c2nc(CO)cnc21,BH4_analog,195.18,-1.65,pubchem
CID137208341,CID137208341,Cc1nc2nc(N)[nH]c(=O)c2nc1[C@H](O)[C@@H](C)O,BH4_analog,251.25,-0.98,pubchem
CID54282957,CID54282957,CC(O)C(O)c1cnc2c(n1)NC(N)N[C@@H]2O,BH4_analog,241.25,-1.86,pubchem
CID22629897,CID22629897,CC(O)C(O)c1cnc2nc(N)nc(N)c2n1,BH4_analog,236.24,-1.0,pubchem
CID22134421,CID22134421,CC(O)C(O)c1cnc2c(n1)NC(N)NC2=O,BH4_analog,239.24,-1.71,pubchem
CID20213807,CID20213807,CC(O)C(O)c1cnc2c(n1)NC(N)NC2O,BH4_analog,241.25,-1.86,pubchem
CID135456669,CID135456669,CN(C)/C=N/c1nc2ncc(C=O)nc2c(=O)[nH]1,BH4_analog,246.23,-0.25,pubchem
CID2811386,CID2811386,Cc1cnc(NC(=O)c2nccnc2C(=O)O)c(C)n1,BH4_analog,273.25,0.83,pubchem
CID163185605,CID163185605,CN(C)c1nc2ncc([C@H](O)[C@@H]3COP(=O)(O)O3)nc2c(=O)[nH]1,BH4_analog,343.24,-0.67,pubchem
CID371473,CID371473,COc1nc2nc(C(O)C(O)CO)cnc2c(=O)n1C,BH4_analog,282.26,-1.88,pubchem
CID484331,CID484331,COc1nc2nc([C@@H](O)[C@H](O)CO)cnc2c(=O)n1C,BH4_analog,282.26,-1.88,pubchem
CID136582209,CID136582209,C[C@@H](O)CN(C)C(=O)c1cnc(N(C)C)cn1,BH4_analog,238.29,-0.0,pubchem
CID135489902,CID135489902,COc1nc2ncc([C@@H](OC(C)=O)[C@@H](COC(C)=O)OC(C)=O)nc2c(=O)[nH]1,BH4_analog,394.34,-0.18,pubchem
CID135450939,CID135450939,COc1nc2ncc([C@@H](O)[C@H](O)CO)nc2c(=O)[nH]1,BH4_analog,268.23,-1.89,pubchem
CID135408921,CID135408921,CSc1nc2nc(C(O)C(O)C(O)CO)cnc2c(=O)[nH]1,BH4_analog,314.32,-1.82,pubchem
CID10938418,CID10938418,COc1nc2ncc([C@@H](OC(C)=O)[C@@H](COC(C)=O)OC(C)=O)nc2c(=O)n1C,BH4_analog,408.37,-0.17,pubchem
CID484330,CID484330,COc1nc2nc([C@@H](O)[C@@H](O)CO)cnc2c(=O)n1C,BH4_analog,282.26,-1.88,pubchem
CID135889290,CID135889290,Nc1nc2ncc(C(=O)[C@H]3OP(=O)(O)OC[C@H]3O)nc2c(=O)[nH]1,BH4_analog,343.19,-1.65,pubchem
CID136416563,CID136416563,Nc1nc2c(c(=O)[nH]1)NCN2CCC(F)CO,BH4_analog,243.24,-0.74,pubchem
CID484376,CID484376,COc1nc2nc([C@H](O)[C@H](O)CO)cnc2c(=O)n1C,BH4_analog,282.26,-1.88,pubchem
CID141389361,CID141389361,NC(=O)c1nc(F)cnc1NC(CO)CO,BH4_analog,230.2,-1.52,pubchem
CID484375,CID484375,COc1nc2nc([C@H](O)[C@@H](O)CO)cnc2c(=O)n1C,BH4_analog,282.26,-1.88,pubchem
CID141389363,CID141389363,NC(=O)c1nc(F)cnc1NCCCO,BH4_analog,214.2,-0.49,pubchem
CID6712526,CID6712526,COc1nc2ncc([C@@H](O)[C@H](O)CO)nc2c(=O)n1C,BH4_analog,282.26,-1.88,pubchem
CID10977869,CID10977869,CC[C@H](O)c1cnc2c(n1)c(=O)n(C)c(=O)n2C,BH4_analog,250.26,-0.53,pubchem
CID135618565,CID135618565,Nc1nc2ncc([C@H](O)[C@H](O)COP(=O)(O)OP(=O)(O)OP(=O)(O)O)nc2c(=O)[nH]1,BH4_analog,493.16,-1.97,pubchem
CID71406915,CID71406915,Cn1c(NCC(=O)O)nc2nccnc2c1=O,BH4_analog,235.2,-0.78,pubchem
CID53882095,CID53882095,CC(O)C(=O)c1cnc2c(n1)C(=O)NC(N)N2,BH4_analog,237.22,-1.56,pubchem
CID146834,CID146834,C[C@@H](O)[C@@H](O)c1cnc2[nH]c(=O)[nH]c(=O)c2n1,BH4_analog,238.2,-1.58,pubchem
CID163193450,CID163193450,CN(C)c1nc2ncc([C@H](O)[C@@H](O)COP(=O)(O)O)nc2c(=O)[nH]1,BH4_analog,361.25,-1.72,pubchem
CID163186901,CID163186901,CN(C)c1nc2ncc([C@H](O)[C@@H](O)CO)nc2c(=O)[nH]1,BH4_analog,281.27,-1.83,pubchem
CID139588178,CID139588178,CO[C@@H]1[C@H](OC)[C@@H](O[C@@H](C)[C@H](O)c2cnc3nc(N)[nH]c(=O)c3n2)O[C@H](CO)[C@H]1OC,BH4_analog,441.44,-1.5,pubchem
CID135494248,CID135494248,C[C@H](O)[C@H](O)c1cnc2nc(NCCCN)[nH]c(=O)c2n1,BH4_analog,294.32,-1.11,pubchem
CID139583914,CID139583914,CO[C@@H]1[C@H](O)[C@@H](O[C@@H](C)[C@H](O)c2cnc3nc(N)[nH]c(=O)c3n2)O[C@H](C)[C@H]1O,BH4_analog,397.39,-1.78,pubchem
CID24974982,CID24974982,O=C(O)c1cnc2[nH]c(=O)[nH]c(=O)c2n1,BH4_analog,208.13,-1.3,pubchem
CID135765031,CID135765031,C[C@@H](O)[C@@H](O)c1cnc2c(=O)[nH]c(N)nc2n1,BH4_analog,237.22,-1.29,pubchem
CID135566760,CID135566760,NCc1cnc2nc(N)[nH]c(=O)c2n1,BH4_analog,192.18,-1.25,pubchem
CID58548282,CID58548282,O=C(O)c1nc(C2CC2)cnc1Nc1cncnc1,BH4_analog,257.25,1.59,pubchem
CID445158,CID445158,C[C@H](O)[C@H](O)c1cnc2nc(N)nc(N)c2n1,BH4_analog,236.24,-1.0,pubchem
CID136259617,CID136259617,Nc1nc2ncc(CNCCCC[C@@H](N)C(=O)O)nc2c(=O)[nH]1,BH4_analog,321.34,-1.03,pubchem
CID148794349,CID148794349,CC(=O)Nc1nc2ncc(C(C)=O)nc2c(=O)[nH]1,BH4_analog,247.21,-0.13,pubchem
CID9547941,CID9547941,C[C@H](O)[C@@H](O)c1cnc2nc(N)nc(N)c2n1,BH4_analog,236.24,-1.0,pubchem
CID135754259,CID135754259,Nc1nc2ncc(/C=C/C(O)COP(=O)(O)O)nc2c(=O)[nH]1,BH4_analog,329.21,-1.22,pubchem
CID135478901,CID135478901,CCOC(OCC)c1cnc2nc(NC(C)=O)[nH]c(=O)c2n1,BH4_analog,307.31,0.74,pubchem
CID135430042,CID135430042,COc1nc2ncc(C(OC(C)=O)C(COC(C)=O)OC(C)=O)nc2c(=O)[nH]1,BH4_analog,394.34,-0.18,pubchem
CID496578,CID496578,COc1nc2ncc(C(OC(C)=O)C(COC(C)=O)OC(C)=O)nc2c(=O)n1C,BH4_analog,408.37,-0.17,pubchem
CID496577,CID496577,COc1nc2ncc(C(O)C(O)CO)nc2c(=O)n1C,BH4_analog,282.26,-1.88,pubchem
CID375734,CID375734,Cn1c(=O)c2nc(NCCO)cnc2n(C)c1=O,BH4_analog,251.25,-1.57,pubchem
CID15743924,CID15743924,CCC(=O)c1cnc(C(=O)OC)c(N)n1,BH4_analog,209.2,0.44,pubchem
CID136274596,CID136274596,CCC(=O)c1cnc2nc(N)[nH]c(=O)c2n1,BH4_analog,219.2,-0.11,pubchem
CID135485013,CID135485013,COc1nc2ncc(C(O)C(O)CO)nc2c(=O)[nH]1,BH4_analog,268.23,-1.89,pubchem
CID135998859,CID135998859,CC(C)(C)OCC1CNc2nc(N)[nH]c(=O)c2N1.Cl.Cl,BH4_analog,326.23,1.22,pubchem
CID135998867,CID135998867,CCOCC1CNc2nc(N)[nH]c(=O)c2N1.Cl.Cl,BH4_analog,298.17,0.44,pubchem
CID135484783,CID135484783,Nc1nc2c(c(=O)[nH]1)NC(CO)CN2,BH4_analog,197.2,-1.45,pubchem
CID137103756,CID137103756,C[C@H](O)[C@H](O)[C@@]1(C)CNc2nc(N)[nH]c(=O)c2N1,BH4_analog,255.28,-1.31,pubchem
CID135476776,CID135476776,C[C@@H](O)[C@@H](O)C1=Nc2c(nc(N)[nH]c2=O)NC1,BH4_analog,239.24,-1.41,pubchem
CID135444567,CID135444567,CC(O)C(O)[C@H]1CNc2nc(N)[nH]c(=O)c2N1.Cl.Cl,BH4_analog,314.17,-0.86,pubchem
CID135873472,CID135873472,CC(O)[C@@H](O)[C@H]1CNc2nc(N)[nH]c(=O)c2N1.Cl.Cl,BH4_analog,314.17,-0.86,pubchem
CID135481025,CID135481025,C[C@H](O)[C@H](O)[C@@H]1CNc2nc(N)[nH]c(=O)c2N1,BH4_analog,241.25,-1.7,pubchem
CID136087393,CID136087393,C[C@H](O)[C@@H](O)[C@H]1CNc2nc(N)[nH]c(=O)c2N1,BH4_analog,241.25,-1.7,pubchem
CID135905887,CID135905887,C[C@@H](O)[C@H](O)[C@H]1CNc2nc(N)[nH]c(=O)c2N1,BH4_analog,241.25,-1.7,pubchem
CID393221,CID393221,COc1nc2c(c(=O)n1C)N[C@@H]1[C@@H](O)[C@H](O)CO[C@@H]1N2,BH4_analog,284.27,-1.93,pubchem
CID135886616,CID135886616,CC(O)C1=Nc2c(nc(N)[nH]c2=O)NC1C,BH4_analog,223.24,-0.38,pubchem
CID136504211,CID136504211,Nc1nc2c(c(=O)[nH]1)N=CC(CO)N2,BH4_analog,195.18,-1.16,pubchem
CID135998866,CID135998866,CC(C)OCC1CNc2nc(N)[nH]c(=O)c2N1.Cl.Cl,BH4_analog,312.2,0.83,pubchem
CID136109078,CID136109078,CC(N)C(=O)OCC1CNc2nc(N)[nH]c(=O)c2N1,BH4_analog,268.28,-1.55,pubchem
CID136035300,CID136035300,CCCCCCCCCCOCC1CNc2nc(N)[nH]c(=O)c2N1,BH4_analog,337.47,2.72,pubchem
CID136032589,CID136032589,C[C@H](O)[C@H](O)C1CNc2c(nc(N)[nH]c2=O)N1.Cl,BH4_analog,277.71,-1.28,pubchem
CID135998864,CID135998864,CC(C)COCC1CNc2nc(N)[nH]c(=O)c2N1.Cl.Cl,BH4_analog,326.23,1.07,pubchem
CID135998857,CID135998857,CCCCCOCC1CNc2nc(N)[nH]c(=O)c2N1.Cl.Cl,BH4_analog,340.26,1.61,pubchem
CID135998855,CID135998855,COCCOCC1CNc2nc(N)[nH]c(=O)c2N1.Cl.Cl,BH4_analog,328.2,0.06,pubchem
CID136076467,CID136076467,Cn1c(=O)n(C2OC(CI)[C@@H](O)[C@H]2O)c2nc(N)[nH]c(=O)c21,BH4_analog,423.17,-1.94,pubchem
CID135998863,CID135998863,COCC1CNc2nc(N)[nH]c(=O)c2N1.Cl.Cl,BH4_analog,284.15,0.05,pubchem
CID135998861,CID135998861,CCCOCC1CNc2nc(N)[nH]c(=O)c2N1.Cl.Cl,BH4_analog,312.2,0.83,pubchem
CID135402011,CID135402011,CC(O)C(O)C1=Nc2c(nc(N)[nH]c2=O)NC1,BH4_analog,239.24,-1.41,pubchem
CID168925081,CID168925081,O=c1[nH]cnc2ncc(CC(F)(F)F)nc12,BH4_analog,230.15,0.82,pubchem
CID135398702,CID135398702,CC(O)C(=O)C1CNc2nc(N)[nH]c(=O)c2N1,BH4_analog,239.24,-1.49,pubchem
CID135409384,CID135409384,CC(O)C(O)[C@H]1CNc2nc(N)[nH]c(=O)c2N1,BH4_analog,241.25,-1.7,pubchem
CID135796573,CID135796573,C[C@H](O)[C@H](O)[C@H]1CNc2nc(N)[nH]c(=O)c2N1.Cl,BH4_analog,277.71,-1.28,pubchem
CID135406872,CID135406872,CC1Nc2nc(N)[nH]c(=O)c2NC1C,BH4_analog,195.23,-0.03,pubchem
CID135402045,CID135402045,CC(O)C(O)C1CNc2nc(N)[nH]c(=O)c2N1,BH4_analog,241.25,-1.7,pubchem
CID135886626,CID135886626,CC(O)C(=O)[C@H]1CNc2nc(N)[nH]c(=O)c2N1,BH4_analog,239.24,-1.49,pubchem
CID135407943,CID135407943,C[C@H](O)[C@@H](O)C1=Nc2c(nc(N)[nH]c2=O)NC1,BH4_analog,239.24,-1.41,pubchem
CID136176976,CID136176976,CC(=O)C(O)C1CNc2nc(N)[nH]c(=O)c2N1,BH4_analog,239.24,-1.49,pubchem
CID135433595,CID135433595,CC(O)C(=O)C1=Nc2c(nc(N)[nH]c2=O)NC1,BH4_analog,237.22,-1.2,pubchem
CID135889530,CID135889530,CC(O)C(O)C1CNc2nc(N)[nH]c(=O)c2N1.Cl.Cl,BH4_analog,314.17,-0.86,pubchem
CID135998862,CID135998862,CCCCOCC1CNc2nc(N)[nH]c(=O)c2N1.Cl.Cl,BH4_analog,326.23,1.22,pubchem
CID135509079,CID135509079,C[C@@H](O)[C@@H](O)[C@H]1CNc2nc(N)[nH]c(=O)c2N1,BH4_analog,241.25,-1.7,pubchem
CID135398579,CID135398579,C[C@H](O)C(=O)C1=Nc2c(nc(N)[nH]c2=O)NC1,BH4_analog,237.22,-1.2,pubchem
CID135409471,CID135409471,C[C@H](O)[C@H](O)[C@H]1CNc2nc(N)[nH]c(=O)c2N1.Cl.Cl,BH4_analog,314.17,-0.86,pubchem
CID135398687,CID135398687,C[C@H](O)[C@H](O)C1=Nc2c(nc(N)[nH]c2=O)NC1,BH4_analog,239.24,-1.41,pubchem
CID135911925,CID135911925,Nc1nc2c(c(=O)[nH]1)NC(C(=O)O)CN2,BH4_analog,211.18,-1.36,pubchem
CID136363596,CID136363596,CC(NC(=O)C(N)CCC(=O)N1c2c(nc(N)[nH]c2=O)NCC1C(O)C(C)OC(=O)C(F)(F)F)C(=O)O,BH4_analog,537.45,-1.97,pubchem
CID135718473,CID135718473,C[C@H](O)C(=O)[C@H]1CNc2nc(N)[nH]c(=O)c2N1,BH4_analog,239.24,-1.49,pubchem
CID489317,CID489317,COc1nc2c(c(=O)n1C)N[C@H]1[C@@H](O)[C@@H](O)CO[C@H]1N2,BH4_analog,284.27,-1.93,pubchem
CID135510088,CID135510088,Cl.Nc1nc2c(c(=O)[nH]1)NC(CO)CN2,BH4_analog,233.66,-1.03,pubchem
CID136363524,CID136363524,CCC(C)C(N)C(=O)OC(C)C(O)C1CNc2nc(N)[nH]c(=O)c2N1.O=C(O)C(F)(F)F.O=C(O)C(F)(F)F,BH4_analog,582.46,0.49,pubchem
CID136235688,CID136235688,CC(O)[C@H](O)C1=Nc2c(nc(N)[nH]c2=O)NC1,BH4_analog,239.24,-1.41,pubchem
CID136188272,CID136188272,CC(O)[C@H](O)C1CNc2nc(N)[nH]c(=O)c2N1,BH4_analog,241.25,-1.7,pubchem
CID135833480,CID135833480,CCCCOCC1CNc2nc(N)[nH]c(=O)c2N1,BH4_analog,253.31,0.37,pubchem
CID135674619,CID135674619,CC(C)OCC1CNc2nc(N)[nH]c(=O)c2N1,BH4_analog,239.28,-0.02,pubchem
CID135674617,CID135674617,CCCOCC1CNc2nc(N)[nH]c(=O)c2N1,BH4_analog,239.28,-0.02,pubchem
CID135546359,CID135546359,CCOCC1CNc2nc(N)[nH]c(=O)c2N1,BH4_analog,225.25,-0.41,pubchem
CID135449065,CID135449065,CC(O)C(O)c1nc2c(=O)[nH]c(N)nc2[nH]c1=O,BH4_analog,253.22,-2.0,pubchem
CID135409383,CID135409383,C[C@H](O)[C@H](O)C1CNc2nc(N)[nH]c(=O)c2N1,BH4_analog,241.25,-1.7,pubchem
CID135546356,CID135546356,COCC1CNc2nc(N)[nH]c(=O)c2N1,BH4_analog,211.23,-0.8,pubchem
CID135873473,CID135873473,CC(O)[C@@H](O)[C@H]1CNc2nc(N)[nH]c(=O)c2N1,BH4_analog,241.25,-1.7,pubchem
CID148549355,CID148549355,CC(O)C(=O)Nc1nc2c(c(=O)[nH]1)NCCN2,BH4_analog,239.24,-1.07,pubchem
CID135566896,CID135566896,Nc1nc2c(c(=O)[nH]1)N[C@@H](C(=O)O)CN2,BH4_analog,211.18,-1.36,pubchem
CID135433600,CID135433600,C[C@@H](O)[C@H](O)C1CNc2nc(N)[nH]c(=O)c2N1,BH4_analog,241.25,-1.7,pubchem
CID135618583,CID135618583,C[C@@H](O)[C@@H](O)c1nc2nc(N)[nH]c(=O)c2[nH]c1=O,BH4_analog,253.22,-2.0,pubchem
CID135625277,CID135625277,C[C@H](O)[C@H](O)[C@@H]1CNc2c(nc(N)[nH]c2=O)N1,BH4_analog,241.25,-1.7,pubchem
CID135538366,CID135538366,Nc1nc(NCCO)c(NC=O)c(=O)[nH]1,BH4_analog,213.2,-1.68,pubchem
CID135789971,CID135789971,C[C@@H]1Nc2c(nc(N)[nH]c2=O)N[C@@H]1C,BH4_analog,195.23,-0.03,pubchem
CID135407944,CID135407944,C[C@H](O)C(=O)C1CNc2nc(N)[nH]c(=O)c2N1,BH4_analog,239.24,-1.49,pubchem
CID135742611,CID135742611,CC(O)C(O)C1C=Nc2c(nc(N)[nH]c2=O)N1,BH4_analog,239.24,-1.41,pubchem
CID140499788,CID140499788,C[C@H](O)[C@H](O)[C@H]1CNc2nc(N)[nH]c(=O)c2N1.Cl.Cl.Cl,BH4_analog,350.63,-0.43,pubchem
CID136160742,CID136160742,CC(O)C(=O)C1CNc2c(nc(N)[nH]c2=O)N1,BH4_analog,239.24,-1.49,pubchem
CID136146262,CID136146262,C[C@@H](O)C(=O)C1CNc2nc(N)[nH]c(=O)c2N1,BH4_analog,239.24,-1.49,pubchem
CID136003108,CID136003108,C[C@H](O)[C@@H](O)[C@@H]1CNc2nc(N)[nH]c(=O)c2N1,BH4_analog,241.25,-1.7,pubchem
CID169948304,CID169948304,CC(C)(F)Cc1cnc2nc[nH]c(=O)c2n1,BH4_analog,222.22,1.0,pubchem
CID135502006,CID135502006,CSc1nc2ncc(C(O)C(O)CO)nc2c(=O)[nH]1,BH4_analog,284.3,-1.18,pubchem
CID146029521,CID146029521,NC(N)=NC(=O)c1nc(Nc2ncccn2)c(N2CCCCCC2)nc1N,BH4_analog,370.42,0.39,pubchem
CID127048051,CID127048051,CNc1nc2nccnc2c(=O)n1C,BH4_analog,191.19,-0.23,pubchem
CID470918,CID470918,O=C(Nc1nccs1)c1cnccn1,BH4_analog,206.23,1.19,pubchem
CID10376254,CID10376254,CCCn1c(=O)[nH]c(=O)c2c1ncn2CC,BH4_analog,222.25,0.32,pubchem
CID15148129,CID15148129,NCCNC(=O)c1nc(Cl)c(N)nc1N,BH4_analog,230.66,-1.02,pubchem
CID379345,CID379345,Cn1c(=O)[nH]c2nccnc2c1=O,BH4_analog,178.15,-0.98,pubchem
CID73173,CID73173,NC(=O)c1nccnc1C(N)=O,BH4_analog,166.14,-1.33,pubchem
CID146713,CID146713,C=Cn1cnc2c1c(=O)n(C)c(=O)n2C,BH4_analog,206.2,-0.47,pubchem
CID514103,CID514103,O=c1c2nccnc2ncn1O,BH4_analog,164.12,-0.58,pubchem
CID653281,CID653281,Cn1c(=O)c2c(nc(-n3ccnc3)n2C)n(C)c1=O,BH4_analog,260.26,-0.84,pubchem
CID5374589,CID5374589,Cc1cnc2c(=O)[nH]c(=O)[nH]c2n1,BH4_analog,178.15,-0.69,pubchem
CID9794049,CID9794049,O=c1[nH]c2nccnc2c(=O)n1O,BH4_analog,180.12,-1.28,pubchem
CID44438597,CID44438597,O=C(NC1CCCCCC1)c1cnc(N2CCCCC2)cn1,BH4_analog,302.42,2.92,pubchem
CID57394424,CID57394424,Cl.NC(N)=NC(=O)c1ncc(N)nc1N,BH4_analog,231.65,-1.52,pubchem
CID135415587,CID135415587,CCCCCn1cnc2c(=O)[nH]c(N)nc21,BH4_analog,221.26,0.89,pubchem
CID135448391,CID135448391,CCn1cnc2nc(N)[nH]c(=O)c21,BH4_analog,179.18,-0.28,pubchem
CID822307,CID822307,CN(C)c1nc(=O)[nH]c2nccnc12,BH4_analog,191.19,-0.22,pubchem
CID135443570,CID135443570,CN(C)c1nc2nccnc2c(=O)[nH]1,BH4_analog,191.19,-0.22,pubchem
CID3069972,CID3069972,C=CCn1c(C)cn2c3c(=O)[nH]c(=O)n(C)c3nc12,BH4_analog,259.27,0.17,pubchem
CID214922,CID214922,Cc1nc2nccnc2c(=O)n1C1CCCCC1,BH4_analog,244.3,2.0,pubchem
CID59276991,CID59276991,CNC(=O)c1cnc(Cl)cn1,BH4_analog,171.59,0.49,pubchem
CID470899,CID470899,NC(=O)c1nc(Br)cnc1N,BH4_analog,217.03,-0.08,pubchem
CID135415585,CID135415585,CCCn1cnc2c(=O)[nH]c(N)nc21,BH4_analog,193.21,0.11,pubchem
CID44438596,CID44438596,CC1CCC(NC(=O)c2cnc(N3CCCCC3)cn2)CC1,BH4_analog,302.42,2.78,pubchem
CID44438591,CID44438591,CCCCN(C)c1cncc(C(=O)NC2CCCCCC2)n1,BH4_analog,304.44,3.17,pubchem
CID14000474,CID14000474,CCCn1c(=O)c2[nH]c(-c3cnccn3)nc2n(CCC)c1=O,BH4_analog,314.35,1.16,pubchem
CID135415584,CID135415584,CCn1cnc2c(=O)[nH]c(N)nc21,BH4_analog,179.18,-0.28,pubchem
CID14207625,CID14207625,NC(=O)c1cn2cc(Br)nc(Br)c2n1,BH4_analog,319.94,1.35,pubchem
CID343616,CID343616,Cn1c(=O)c2nccnc2n(C)c1=O,BH4_analog,192.18,-0.97,pubchem
CID556817,CID556817,Cn1c(=O)[nH]c(=O)c2nccnc21,BH4_analog,178.15,-0.98,pubchem
CID120526,CID120526,O=C(NCN1CCCCC1)c1cnccn1,BH4_analog,220.28,0.65,pubchem
CID1282529,CID1282529,NC(=O)c1cncc(Cl)n1,BH4_analog,157.56,0.23,pubchem
CID44307093,CID44307093,NC(=O)c1cn2c(Br)cncc2n1,BH4_analog,241.05,0.59,pubchem
CID9508824,CID9508824,CCCCN(C(=O)c1cnccn1)c1c(N)n(CCC)c(=O)[nH]c1=O,BH4_analog,346.39,0.77,pubchem
CID24687524,CID24687524,CCCCn1c(N)c(N(CC(C)C)C(=O)c2cnccn2)c(=O)[nH]c1=O,BH4_analog,360.42,1.01,pubchem
CID135518616,CID135518616,CCSc1nc2nccnc2c(=O)[nH]1,BH4_analog,208.25,0.83,pubchem
CID11581093,CID11581093,CCCCCCN=C(N)NC(=O)c1nc(Cl)c(N)nc1N,BH4_analog,313.79,0.92,pubchem
CID12674624,CID12674624,NC(=O)c1cn2ccncc2n1,BH4_analog,162.15,-0.17,pubchem
CID919948,CID919948,O=c1[nH]c(=S)[nH]c2nccnc12,BH4_analog,180.19,0.38,pubchem
CID159466,CID159466,O=C(Nc1nn[nH]n1)c1cncc(N2CCCC2)n1,BH4_analog,260.26,-0.16,pubchem
CID124704,CID124704,NC(N)=NC(=O)c1cnccn1,BH4_analog,165.16,-1.11,pubchem
CID120524,CID120524,CCN(CC)CNC(=O)c1cnccn1,BH4_analog,208.26,0.51,pubchem
CID71755948,CID71755948,NC(=O)c1cnc(C2CC2)[nH]1,BH4_analog,151.17,0.39,pubchem
CID1051510,CID1051510,O=c1c2cncn2c(=O)c2cncn12,BH4_analog,188.15,-0.86,pubchem
CID176480,CID176480,O=c1[nH]c2nccn2c2nc[nH]c12,BH4_analog,175.15,-0.1,pubchem
CID124218,CID124218,O=c1c2[nH]cnc2nc2ncccn12,BH4_analog,187.16,-0.03,pubchem
CID193326,CID193326,CCCN(C)c1nc(N)c(C(=O)N=C(N)N)nc1Cl,BH4_analog,285.74,-0.03,pubchem
CID822308,CID822308,Cc1nc2c(=O)[nH]c(=S)n(C)c2nc1C,BH4_analog,222.27,1.0,pubchem
CID1233967,CID1233967,CCN1CCN(CNC(=O)c2cnccn2)CC1,BH4_analog,249.32,-0.2,pubchem
CID135422471,CID135422471,Cc1nc2nc[nH]c(=O)c2nc1C,BH4_analog,176.18,0.33,pubchem
CID169438676,CID169438676,O=c1ccn2c(=O)c3[nH]cnc3nc2[nH]1,BH4_analog,203.16,-0.74,pubchem
CID10330676,CID10330676,CCCn1c(=O)[nH]c(=O)c2c1ncn2C,BH4_analog,208.22,-0.17,pubchem
CID10584991,CID10584991,CC(C)Cn1c(=O)[nH]c(=O)c2nccnc21,BH4_analog,220.23,0.14,pubchem
CID12318905,CID12318905,C=CCn1cnc2c1c(=O)[nH]c(=O)n2CC=C,BH4_analog,232.24,0.26,pubchem
CID14978314,CID14978314,CCCn1c(=O)[nH]c2ncn(C)c2c1=O,BH4_analog,208.22,-0.17,pubchem
CID16727655,CID16727655,CN(C)C=NC(=O)c1cnccn1,BH4_analog,178.2,0.21,pubchem
CID19008965,CID19008965,CCCn1cnc2[nH]c(=O)[nH]c(=O)c21,BH4_analog,194.19,-0.18,pubchem
CID20334037,CID20334037,CCCNc1nc(N)c(C(=O)N=C(N)N)nc1Cl,BH4_analog,271.71,-0.05,pubchem
CID20334043,CID20334043,C=CCNc1nc(N)c(C(=O)N=C(N)N)nc1Cl,BH4_analog,269.7,-0.28,pubchem
CID21419005,CID21419005,CNc1cnc(C(N)=O)cn1,BH4_analog,152.16,-0.38,pubchem
CID44339733,CID44339733,NC(=O)c1cnc(-c2ncc[nH]2)[nH]1,BH4_analog,177.17,-0.1,pubchem
CID44341478,CID44341478,CCCn1cnc2c(=O)[nH]c(=O)[nH]c21,BH4_analog,194.19,-0.18,pubchem
CID10330675,CID10330675,CCCCn1cnc2[nH]c(=O)[nH]c(=O)c21,BH4_analog,208.22,0.21,pubchem
CID55250465,CID55250465,CNc1cncc(C(N)=O)n1,BH4_analog,152.16,-0.38,pubchem
CID57403250,CID57403250,Cl.NC(N)=NC(=O)c1cnccn1,BH4_analog,201.62,-0.69,pubchem
CID69290777,CID69290777,CCNc1cncc(C(N)=O)n1,BH4_analog,166.18,0.01,pubchem
CID69291756,CID69291756,CCCCNc1cncc(C(N)=O)n1,BH4_analog,194.24,0.79,pubchem
CID135415586,CID135415586,CCCCn1cnc2c(=O)[nH]c(N)nc21,BH4_analog,207.24,0.5,pubchem
CID135398658,CID135398658,Nc1nc2ncc(CNc3ccc(C(=O)N[C@@H](CCC(=O)O)C(=O)O)cc3)nc2c(=O)[nH]1,BH4_analog,441.4,-0.04,pubchem
CID135398660,CID135398660,Nc1nc2nccnc2c(=O)[nH]1,BH4_analog,163.14,-0.7,pubchem
CID57391005,CID57391005,Cl.NC(N)=NC(=O)c1nc(Cl)cnc1N,BH4_analog,251.08,-0.45,pubchem
CID4115605,CID4115605,CCN1CCN(C(=O)c2cnccn2)CC1,BH4_analog,220.28,0.25,pubchem
CID2810674,CID2810674,Cc1cnc(C(=O)Nc2nn[nH]n2)cn1,BH4_analog,205.18,-0.45,pubchem
CID1240109,CID1240109,NNC(=O)c1nccnc1N,BH4_analog,153.14,-1.34,pubchem
CID124322,CID124322,O=c1c2[nH]cnc2[nH]c2nccn12,BH4_analog,175.15,-0.1,pubchem
CID135566720,CID135566720,Nc1nc2nc(C(=O)NCc3cn[nH]n3)cnc2c(=O)[nH]1,BH4_analog,287.24,-1.66,pubchem
CID136025898,CID136025898,NC(=O)c1cnc2c(=O)[nH]c(N)nc2n1,BH4_analog,206.16,-1.61,pubchem
CID3080607,CID3080607,Nc1nc(N)c2nc(C=O)cnc2n1,BH4_analog,190.17,-0.6,pubchem
CID135422156,CID135422156,Cn1c[n+](C)c2nc(N)[nH]c(=O)c21,BH4_analog,180.19,-1.33,pubchem
CID1535061,CID1535061,O=C(NCN1CCN(CCO)CC1)c1cnccn1,BH4_analog,265.32,-1.23,pubchem
CID8933679,CID8933679,Cc1cnc(C(=O)N(CC(C)C)c2c(N)n(CC(C)C)c(=O)[nH]c2=O)cn1,BH4_analog,374.45,1.18,pubchem
CID8933965,CID8933965,CCCCN(C(=O)c1cnc(C)cn1)c1c(N)n(CCC)c(=O)[nH]c1=O,BH4_analog,360.42,1.07,pubchem
CID9392264,CID9392264,CCCCn1c(N)c(N(CC)C(=O)c2cnc(C)cn2)c(=O)[nH]c1=O,BH4_analog,346.39,0.68,pubchem
CID822194,CID822194,CSc1cnc2c(=O)[nH]c(=O)n(C)c2n1,BH4_analog,224.24,-0.26,pubchem
CID822207,CID822207,CSc1cnc2c(=O)n(C)c(=O)[nH]c2n1,BH4_analog,224.24,-0.26,pubchem
CID3233743,CID3233743,CCNc1ncc2nc(C)c(=O)n(C)c2n1,BH4_analog,219.25,0.46,pubchem
CID5409408,CID5409408,Cc1nc2[nH]c(=S)n(C)c(=O)c2nc1C,BH4_analog,222.27,1.0,pubchem
CID9948975,CID9948975,CCCn1c(=O)n(CCCC(=O)OCC)c(=O)c2nccnc21,BH4_analog,320.35,0.71,pubchem
CID24687261,CID24687261,CCCCn1c(N)c(N(CCOC)C(=O)c2cnccn2)c(=O)[nH]c1=O,BH4_analog,362.39,0.0,pubchem
CID25477289,CID25477289,CCCCCc1nnc(NC(=O)c2nccnc2N)s1,BH4_analog,292.37,1.9,pubchem
CID76321163,CID76321163,CCCCCCCCNc1cncc(C(N)=O)n1,BH4_analog,250.35,2.35,pubchem
CID136266906,CID136266906,NCCCNCCCNCCCn1cnc2c(=O)[nH]c(N)nc21,BH4_analog,322.42,-0.99,pubchem
CID162647820,CID162647820,Nc1nc2nc(C(=O)NCCCCCC(=O)O)cnc2c(=O)[nH]1,BH4_analog,320.31,-0.33,pubchem
CID379344,CID379344,COc1nc2nccnc2c(=O)n1C,BH4_analog,192.18,-0.27,pubchem
CID361518,CID361518,NC(=O)c1ncn2c1NC(=O)CC2,BH4_analog,180.17,-0.68,pubchem
CID10608627,CID10608627,CN1c2nccnc2C(N)=NS1(=O)=O,BH4_analog,213.22,-1.12,pubchem
CID24939081,CID24939081,CN(CCc1cnc[nH]1)c1cnc2[nH]c(=O)[nH]c(=O)c2n1,BH4_analog,287.28,-0.59,pubchem
CID457575,CID457575,NC(=O)c1cncc(-n2cncn2)n1,BH4_analog,190.17,-0.84,pubchem
CID470905,CID470905,CN(C)C(=O)c1cnccn1,BH4_analog,151.17,0.18,pubchem
CID470914,CID470914,O=C(NCO)c1cnccn1,BH4_analog,153.14,-0.84,pubchem
CID480006,CID480006,O=C(NCN1CCCC1)c1cnccn1,BH4_analog,206.25,0.26,pubchem
CID501378,CID501378,CN1CCN(CNC(=O)c2cnccn2)CC1,BH4_analog,235.29,-0.59,pubchem
CID10820748,CID10820748,CNC(=O)c1nccnc1N,BH4_analog,152.16,-0.58,pubchem
CID3314397,CID3314397,CCCn1cnc2c1c(=O)[nH]c(=O)n2C,BH4_analog,208.22,-0.17,pubchem
CID136504209,CID136504209,CCCCCCCCCC1=Nc2c(nc(N)[nH]c2=O)NC1,BH4_analog,291.4,2.99,pubchem
CID163191181,CID163191181,C[C@@H](O)C(=O)C1=Nc2c([nH]c(=O)[nH]c2=O)NC1,BH4_analog,238.2,-1.49,pubchem
CID135911931,CID135911931,Nc1nc2c(c(=O)[nH]1)N=C([C@H](O)[C@H]1COP(=O)([O-])O1)CN2,BH4_analog,316.19,-1.91,pubchem
CID137235203,CID137235203,CC(=O)C1=Nc2c(nc(N)[nH]c2=O)NC1C,BH4_analog,221.22,-0.17,pubchem
CID171384274,CID171384274,CC(=O)CC1=Nc2c(nc(N)[nH]c2=O)N(C)C1,BH4_analog,235.25,-0.15,pubchem
CID136631904,CID136631904,CC(=O)C1=Nc2c(nc(N)[nH]c2=O)NC1,BH4_analog,207.19,-0.56,pubchem
CID136630928,CID136630928,C[C@@H]1Nc2nc(N)[nH]c(=O)c2N=C1[C@@H](C)O,BH4_analog,223.24,-0.38,pubchem
CID136654272,CID136654272,CC(O)C(O)C1CNc2c(nc(N)[nH]c2=O)N1Br,BH4_analog,320.15,-1.0,pubchem
CID137288071,CID137288071,CCOC(=O)C(O)Cc1nc2c(=O)[nH]c(N)nc2[nH]c1=O,BH4_analog,295.26,-1.94,pubchem
CID135566048,CID135566048,Cn1c(=O)c(CO)nc2c(=O)[nH]c(N)nc21,BH4_analog,223.19,-1.91,pubchem
CID135616714,CID135616714,CC(O)C(=O)C1=CNc2nc(N)[nH]c(=O)c2N1,BH4_analog,237.22,-1.02,pubchem
CID135886624,CID135886624,CCC(O)c1nc2c(=O)[nH]c(N)nc2n(C)c1=O,BH4_analog,251.25,-0.96,pubchem
CID136032590,CID136032590,C[C@H](O)[C@H](O)C1CNc2c(nc(N)[nH]c2=O)N1,BH4_analog,241.25,-1.7,pubchem
CID136047357,CID136047357,CC(O)C(O)C1CNc2nc(N)[nH]c(=O)c2[N]1,BH4_analog,240.24,-1.88,pubchem
CID136948348,CID136948348,C[C@H](O)C(O)[C@@H]1CNc2nc[nH]c(=O)c2N1,BH4_analog,226.24,-1.28,pubchem
CID135423179,CID135423179,CC(O)CC1=Nc2c(nc(N)[nH]c2=O)N(C)C1,BH4_analog,237.26,-0.35,pubchem
CID135601389,CID135601389,C[C@@H](O)[C@H](O)[C@@H]1CNc2nc(N)[nH]c(=O)c2N1,BH4_analog,241.25,-1.7,pubchem
CID439706,CID439706,CC(O)C(=O)C1=Nc2c([nH]c(=O)[nH]c2=O)NC1,BH4_analog,238.2,-1.49,pubchem
CID135703419,CID135703419,CCC(=O)C1=Nc2c(nc(N)[nH]c2=O)NC1,BH4_analog,221.22,-0.17,pubchem
CID135428690,CID135428690,CC1(C)Nc2nc(N)[nH]c(=O)c2N=C1CO,BH4_analog,223.24,-0.38,pubchem
CID135789693,CID135789693,Cc1cnc2nc(C)[nH]c(=O)c2n1,BH4_analog,176.18,0.33,pubchem
CID135399180,CID135399180,Cc1nc2nc(N)[nH]c(=O)c2nc1C,BH4_analog,191.19,-0.09,pubchem
CID656921,CID656921,C[C@@H](O)[C@@H](O)c1cnc(N=C(N)N)cn1,BH4_analog,211.22,-1.2,pubchem
CID135566232,CID135566232,C[C@@H](O)C(=O)c1cnc2nc(N)[nH]c(=O)c2n1,BH4_analog,235.2,-1.14,pubchem
CID135566469,CID135566469,C[n+]1cc(C(=O)O)nc2c(=O)[nH]c(N)nc21,BH4_analog,222.18,-1.58,pubchem
CID135566471,CID135566471,C[n+]1cc(CC(C)(C)O)nc2c(=O)[nH]c(N)nc21,BH4_analog,250.28,-0.96,pubchem
CID135566895,CID135566895,C/C(O)=C(/O)c1cnc2nc(N)[nH]c(=O)c2n1,BH4_analog,235.2,0.1,pubchem
CID135566917,CID135566917,CC(=O)Nc1nc2ncc(CN)nc2c(=O)[nH]1,BH4_analog,234.22,-0.87,pubchem
CID166174552,CID166174552,CC[C@@H](NC(=O)c1cnc2c(=O)[nH]c(N)nc2n1)C(=O)O,BH4_analog,292.26,-1.11,pubchem
CID10774595,CID10774595,Cn1c(N)nc2ncc(C=O)nc2c1=O,BH4_analog,205.18,-0.88,pubchem
CID90838361,CID90838361,CCN(C=Nc1nc(=O)c2nc(C=O)cnc2n1[C@@H]1O[C@H](CO)[C@@H](O)[C@H]1O)CC,BH4_analog,406.4,-1.39,pubchem
CID129632094,CID129632094,CC(O)C(=O)N1c2nccnc2C(=O)NC1N,BH4_analog,237.22,-1.82,pubchem
CID136102981,CID136102981,Nc1nc2c(c(=O)[nH]1)N=C(C=O)CN2,BH4_analog,193.17,-0.95,pubchem
CID129661422,CID129661422,NC1NC(=O)c2nc(C(=O)O)cnc2N1,BH4_analog,209.16,-1.43,pubchem
CID135490944,CID135490944,CC(=O)Nc1nc2ncc([C@@H](OC(C)=O)[C@H](OC(C)=O)[C@@H](COC(C)=O)OC(C)=O)nc2c(=O)[nH]1,BH4_analog,493.43,-0.3,pubchem
CID135748741,CID135748741,COC(=O)c1cnc2nc(N)[nH]c(=O)c2n1,BH4_analog,221.18,-0.92,pubchem
CID135894424,CID135894424,COC(=O)c1cnc2c(=O)[nH]c(N)nc2n1,BH4_analog,221.18,-0.92,pubchem
CID136250516,CID136250516,CN(C)C=Nc1nc2ncc(C=O)nc2c(=O)[nH]1,BH4_analog,246.23,-0.25,pubchem
CID135398568,CID135398568,Nc1nc2c(c(=O)[nH]1)N=C(CO)CN2,BH4_analog,195.18,-1.16,pubchem
CID135488841,CID135488841,CN1CC(C(=O)O)=Nc2c1nc(N)[nH]c2=O,BH4_analog,223.19,-1.04,pubchem
CID162674828,CID162674828,C[C@H](O)[C@H](O)c1nc2c(=O)nc(N)n(C)c2[nH]c1=O,BH4_analog,267.24,-1.99,pubchem
CID135911932,CID135911932,Nc1nc2c(c(=O)[nH]1)N=C([C@H](O)[C@H]1COP(=O)(O)O1)CN2,BH4_analog,317.2,-1.27,pubchem
CID163189055,CID163189055,C[C@H](O)C(=O)C1=Nc2c([nH]c(=O)[nH]c2=O)NC1,BH4_analog,238.2,-1.49,pubchem
CID135398683,CID135398683,CC(=O)C1=Nc2c(nc(N)[nH]c2=O)NCC1,BH4_analog,221.22,-0.17,pubchem
CID136180738,CID136180738,CN1CC(CC(C)(C)O)=Nc2c1nc(N)[nH]c2=O,BH4_analog,251.29,0.04,pubchem
CID135439473,CID135439473,CC(C)(C)C(=O)Nc1nc2ncc(C=O)nc2c(=O)[nH]1,BH4_analog,275.27,0.51,pubchem
CID136759990,CID136759990,CC(C)CNc1nc2ncc(C=O)nc2c(=O)[nH]1,BH4_analog,247.26,0.59,pubchem
CID136433522,CID136433522,COC1Nc2nc(N)[nH]c(=O)c2NC1C(O)C(C)=O,BH4_analog,269.26,-1.52,pubchem
CID136433530,CID136433530,CC(=O)Nc1nc2c(c(=O)[nH]1)N(C(C)=O)C(C(O)C(C)=O)C=N2,BH4_analog,321.29,-0.88,pubchem
CID136473823,CID136473823,CC[C@H](O)[C@H]1CNc2nc(N)[nH]c(=O)c2N1,BH4_analog,225.25,-0.67,pubchem
CID136491681,CID136491681,CC(=O)[C@@H](O)C1=Nc2c(nc(N)[nH]c2=O)NC1,BH4_analog,237.22,-1.2,pubchem
CID136499179,CID136499179,CC(=O)Nc1nc2c(c(=O)[nH]1)N[C@@H]([C@@H](O)[C@H](C)O)CN2,BH4_analog,283.29,-1.32,pubchem
CID136592864,CID136592864,CC(=O)[C@H](O)C1CNc2nc(N)[nH]c(=O)c2N1,BH4_analog,239.24,-1.49,pubchem
CID136599212,CID136599212,Nc1nc2c(c(=O)[nH]1)N=C(C(=O)CCO)CN2,BH4_analog,237.22,-1.2,pubchem
CID136619696,CID136619696,CC(=O)Nc1nc2c(c(=O)[nH]1)N=C([C@@H](O)[C@H](C)O)CN2,BH4_analog,281.27,-1.03,pubchem
CID136619821,CID136619821,COOC(C(=O)C1CNc2nc(N)[nH]c(=O)c2N1)C(C)C,BH4_analog,297.32,-0.27,pubchem
CID136622493,CID136622493,CNc1nc2c(c(=O)[nH]1)N[C@@H]([C@@H](O)[C@H](C)O)CN2,BH4_analog,255.28,-1.24,pubchem
CID136638714,CID136638714,CC[C@H](O)C1CNc2nc(N)[nH]c(=O)c2N1,BH4_analog,225.25,-0.67,pubchem
CID136948351,CID136948351,C[C@H](O)C(=O)[C@@H]1CNc2nc(N)[nH]c(=O)c2N1,BH4_analog,239.24,-1.49,pubchem
CID136948352,CID136948352,C[C@@H](O)C(=O)[C@@H]1CNc2nc(N)[nH]c(=O)c2N1,BH4_analog,239.24,-1.49,pubchem
CID136948353,CID136948353,C[C@@H](O)C(=O)[C@H]1CNc2nc(N)[nH]c(=O)c2N1,BH4_analog,239.24,-1.49,pubchem
CID136967478,CID136967478,CC[C@H](O)C1=Nc2c(nc(NC(C)=O)[nH]c2=O)NC1,BH4_analog,265.27,-0.0,pubchem
CID136967479,CID136967479,CCCC(O)C1CNc2nc(N)[nH]c(=O)c2N1,BH4_analog,239.28,-0.28,pubchem
CID136967481,CID136967481,CC(=O)Nc1nc2c(c(=O)[nH]1)N=C([C@@H](O)C(C)N)CN2,BH4_analog,280.29,-1.07,pubchem
CID136967482,CID136967482,CC[C@H](O)C(=O)CNc1nc(NC(C)=O)[nH]c(=O)c1[N+](=O)[O-],BH4_analog,313.27,-0.61,pubchem
CID10250,CID10250,O=c1[nH]c(=O)c2nccnc2[nH]1,BH4_analog,164.12,-0.99,pubchem
CID72669,CID72669,COC(=O)c1nccnc1N,BH4_analog,153.14,-0.15,pubchem
CID135398679,CID135398679,Cn1cnc2nc(N)[nH]c(=O)c21,BH4_analog,165.16,-0.76,pubchem
CID70374,CID70374,O=C(NCN1CCOCC1)c1cnccn1,BH4_analog,222.25,-0.5,pubchem
CID136425839,CID136425839,CC(=O)C(O)C1C=Nc2nc(N)[nH]c(=O)c2N1,BH4_analog,237.22,-1.2,pubchem
CID136424472,CID136424472,Nc1nc2c(c(=O)[nH]1)NC(CC(=O)CO)C=N2,BH4_analog,237.22,-1.2,pubchem
CID136426067,CID136426067,CC(=O)Nc1c(NCCCCO)nc(N)[nH]c1=O,BH4_analog,255.28,-0.51,pubchem
CID135526949,CID135526949,CCCC1=Nc2c(nc(N)[nH]c2=O)NC1,BH4_analog,207.24,0.65,pubchem
CID135526983,CID135526983,CC(O)C(O)C1CNc2nc(N)[nH]c(=O)c2N1C,BH4_analog,255.28,-1.68,pubchem
CID135621918,CID135621918,CC(O)C(O)C1CNc2c(nc(N)[nH]c2=O)N1.Cl.Cl,BH4_analog,314.17,-0.86,pubchem
CID181450,CID181450,NC(=O)c1cnc(Cl)cn1,BH4_analog,157.56,0.23,pubchem
CID135733780,CID135733780,Nc1nc2c(c(=O)[nH]1)N=C(C(O)C(O)COP(P)P)CN2,BH4_analog,351.18,-0.43,pubchem
CID135848410,CID135848410,O=c1[nH]c(NI)nc2c1N=C(CO)CN2,BH4_analog,321.08,0.02,pubchem
CID135914682,CID135914682,CCCC(=O)N1c2c(nc(N)[nH]c2=O)NC[C@@H]1[C@@H](O)[C@H](C)O,BH4_analog,311.34,-0.98,pubchem
CID135949550,CID135949550,Nc1nc2c(c(=O)[nH]1)NC(CCCO)CN2,BH4_analog,225.25,-0.67,pubchem
CID135976727,CID135976727,COC1Nc2nc(N)[nH]c(=O)c2NC1C(=O)C(C)O,BH4_analog,269.26,-1.52,pubchem
CID136014062,CID136014062,COC1Nc2nc(NC(C)=O)[nH]c(=O)c2N(C(C)=O)C1C(=O)C(C)O,BH4_analog,353.34,-1.2,pubchem
CID136424466,CID136424466,COC1Nc2nc(N)[nH]c(=O)c2NC1CC(=O)CO,BH4_analog,269.26,-1.52,pubchem
CID162980666,CID162980666,CC[C@@H](O)c1nc2c(=O)[nH]c(N)nc2n(C)c1=O,BH4_analog,251.25,-0.96,pubchem
CID136058974,CID136058974,C[C@@H](O)[C@@H](O)[C@@H]1CNc2nc(N)[nH]c(=O)c2N1,BH4_analog,241.25,-1.7,pubchem
CID136087650,CID136087650,CC(O)C(O)C1Nc2nc(N)[nH]c(=O)c2NC1C,BH4_analog,255.28,-1.31,pubchem
CID136415805,CID136415805,Nc1nc2c(c(=O)[nH]1)NCN2CC(=O)CCO,BH4_analog,239.24,-1.51,pubchem
CID136397623,CID136397623,CC(O)C(O)C1CNc2c(nc(N)[nH]c2=O)N1.Cl,BH4_analog,277.71,-1.28,pubchem
CID136068409,CID136068409,C[C@@H](O)[C@@H](O)[C@H]1CNc2nc(N)[nH]c(=O)c2N1.Cl.Cl,BH4_analog,314.17,-0.86,pubchem
CID135403591,CID135403591,Cn1cnc2c(=O)[nH]c(N)nc21,BH4_analog,165.16,-0.76,pubchem
CID136363479,CID136363479,CCCC(=O)N1c2c(nc(N)[nH]c2=O)NCC1C(O)C(C)O,BH4_analog,311.34,-0.98,pubchem
CID136363917,CID136363917,CC(O)C(O)C1=Nc2nc(N)[nH]c(=O)c2NC1,BH4_analog,239.24,-1.41,pubchem
CID136176977,CID136176977,CCC(O)C1CNc2nc(N)[nH]c(=O)c2N1,BH4_analog,225.25,-0.67,pubchem
CID136159763,CID136159763,CC(=O)N1c2c(nc(N)[nH]c2=O)NCC1[C@@H](O)[C@H](C)O,BH4_analog,283.29,-1.76,pubchem
CID136156422,CID136156422,C[C@H](O)C(O)[C@H]1CNc2nc(N)[nH]c(=O)c2N1,BH4_analog,241.25,-1.7,pubchem
CID136153088,CID136153088,C[C@@H](O)[C@@H](O)C1CNc2nc(N)[nH]c(=O)c2N1,BH4_analog,241.25,-1.7,pubchem
CID136101857,CID136101857,Nc1nc2c(c(=O)[nH]1)N=C(C(O)C(O)COPP)CN2,BH4_analog,319.2,-1.03,pubchem
CHEMBL2204538,CHEMBL2204538,COCCOc1nc(-c2ccc(Cl)nc2)nc2c1CN(C(=O)c1ncn3ccccc13)CC2,TH_counterscreen,464.91,3.06,chembl
CHEMBL4098877,CHEMBL4098877,C[C@@H]1CN(c2cc(-c3n[nH]c4ccc(OC5(C)CC5)cc34)ncn2)C[C@H](C)O1,TH_counterscreen,379.46,3.56,chembl
CHEMBL5818792,CHEMBL5818792,CCCn1c(=O)[nH]c(=O)c2c1nc(Nc1nc3ccccc3[nH]1)n2Cc1ccccc1,TPH_counterscreen,415.46,2.96,chembl
BDB_357739,BDB_357739,CCn1c(=O)[nH]c(=O)c2c1nc(Cc1nc3ccccc3[nH]1)n2Cc1ccccc1,TPH_counterscreen,400.44,2.42,bindingdb
BDB_50167389,BDB_50167389,N/C(=N\C(=O)c1ccc(C[C@H](N)C(=O)O)cc1)NCc1ccccc1,TPH_counterscreen,340.38,0.89,bindingdb
CHEMBL6012793,CHEMBL6012793,Cc1nn2c3c(nc2s1)CCN(C(=O)COc1cnc(N(C)C)nc1Cl)C3c1sccc1F,TPH_counterscreen,508.0,3.36,chembl
BDB_357760,BDB_357760,Cn1c(=O)[nH]c(=O)c2c1nc(Cc1nc3cc(N4CCOCC4)ccc3[nH]1)n2Cc1ccccc1,TPH_counterscreen,471.52,1.78,bindingdb
BDB_341716,BDB_341716,Cc1nn2c3c(nc2s1)CCN(C(=O)COc1ccc(N)nc1Cl)C3c1ccc(Cl)cc1F,TPH_counterscreen,507.38,4.08,bindingdb
BDB_341584,BDB_341584,Cc1nn2c3c(nc2s1)CCN(C(=O)COc1ccc(NS(C)(=O)=O)nc1Cl)C3c1ccc(CN)cc1F,TPH_counterscreen,580.07,2.67,bindingdb
CHEMBL3799789,CHEMBL3799789,N/C(=N\C(=O)c1ccc(C[C@H](N)C(=O)O)cc1)NCc1ccccc1N1CCC(O)CC1,TPH_counterscreen,439.52,0.85,chembl
BDB_341668,BDB_341668,O=C(COc1cccc(C(F)(F)F)c1Cl)N1CCc2nc3sccn3c2C1c1cnn(-c2ccccc2)c1,TPH_counterscreen,557.98,5.81,bindingdb
CHEMBL5832651,CHEMBL5832651,CCOC(=O)c1ncc(C2c3c(nc4sc(C)nn34)CCN2C(=O)COc2ccc(C(F)(F)F)cc2Cl)s1,TPH_counterscreen,586.02,4.96,chembl
BDB_341536,BDB_341536,Cc1nn2c3c(nc2s1)CCN(C(=O)COc1ccc(NS(C)(=O)=O)nc1Cl)C3c1ncccc1F,TPH_counterscreen,552.01,2.61,bindingdb
CHEMBL5839793,CHEMBL5839793,Cc1nn2c3c(nc2s1)CCN(C(=O)COc1ccc(N(C)C)nc1Cl)C3c1cc(CN(C)C)cs1,TPH_counterscreen,546.12,3.89,chembl
CHEMBL5910390,CHEMBL5910390,Cc1nn2c3c(nc2s1)CCN(C(=O)COc1ccc(C#N)cc1Cl)C3c1ccc(Cl)nc1F,TPH_counterscreen,517.37,4.36,chembl
BDB_341698,BDB_341698,CCc1nc(NS(C)(=O)=O)ccc1OCC(=O)N1CCc2nc3sc(CF)nn3c2C1c1sc(C)nc1C,TPH_counterscreen,579.71,3.22,bindingdb
BDB_445671,BDB_445671,CCn1c(=O)[nH]c(=O)c2c1nc(Cc1cn3ccccc3n1)n2Cc1ccc(-c2ncccn2)cc1,TPH_counterscreen,478.52,2.65,bindingdb
BDB_341528,BDB_341528,Cc1nn2c3c(nc2s1)CCN(C(=O)COc1ccc(NS(C)(=O)=O)nc1Cl)C3c1ncc(Cl)cc1F,TPH_counterscreen,586.46,3.26,bindingdb
BDB_50145663,BDB_50145663,Cc1ccn(-c2cc(Cl)ccc2[C@@H](Oc2cc(N3C4CC3CN(C[C@H](N)C(=O)O)C4)nc(N)n2)C(F)(F)F)n1,TPH_counterscreen,566.97,2.56,bindingdb
CHEMBL469462,CHEMBL469462,COc1ccc(CNc2cnc(-c3ccc(C[C@H](N)C(=O)O)cc3)cn2)c(OC2CCCC2)c1,TPH_counterscreen,462.55,4.04,chembl
CHEMBL3798951,CHEMBL3798951,N/C(=N\C(=O)c1ccc(C[C@H](N)C(=O)O)cc1)NCc1ccccc1-n1nccn1,TPH_counterscreen,407.43,0.47,chembl
BDB_445689,BDB_445689,CCCn1c(=O)[nH]c(=O)c2c1nc(Cc1cn3ccccc3n1)n2Cc1ccccc1,TPH_counterscreen,414.47,2.58,bindingdb
BDB_50167382,BDB_50167382,CN(Cc1ccccc1-c1ccccc1)/C(N)=N/C(=O)c1ccc(C[C@H](N)C(=O)O)cc1,TPH_counterscreen,430.51,2.89,bindingdb
BDB_341678,BDB_341678,Cc1cc(Cl)ccc1OCC(=O)N1CCc2nc3sccn3c2C1c1cc2cccnc2s1,TPH_counterscreen,495.03,5.52,bindingdb
BDB_445686,BDB_445686,O=c1[nH]c(=O)n(C2CC2)c2nc(Cc3cn4ccccc4n3)n(Cc3ccccc3)c12,TPH_counterscreen,412.45,2.51,bindingdb
CHEMBL3798415,CHEMBL3798415,N/C(=N\C(=O)c1ccc(C[C@H](N)C(=O)O)cc1)NCc1ccccc1-c1ccccc1,TPH_counterscreen,416.48,2.55,chembl
BDB_445693,BDB_445693,CCn1c(=O)[nH]c(=O)c2c1nc(Cc1cn3cc(Cl)sc3n1)n2Cc1ccc(-n2cncn2)cc1,TPH_counterscreen,507.97,2.49,bindingdb
BDB_445665,BDB_445665,CCn1c(=O)[nH]c(=O)c2c1nc(Cc1cn3c(n1)CCCC3)n2Cc1ccc(-c2ccccc2)cc1,TPH_counterscreen,480.57,3.75,bindingdb
BDB_357772,BDB_357772,Cn1c(=O)[nH]c(=O)c2c1nc(Sc1nc3ccccc3[nH]1)n2Cc1nccs1,TPH_counterscreen,411.47,1.96,bindingdb
BDB_341549,BDB_341549,Cc1nn2c3c(nc2s1)CCN(C(=O)COc1ccc(C(=O)N(C)C)nc1Cl)C3c1ccc(F)cc1F,TPH_counterscreen,546.99,3.68,bindingdb
CHEMBL3799301,CHEMBL3799301,N/C(=N\C(=O)c1ccc(C[C@H](N)C(=O)O)cc1)NCc1c(Oc2ccc(C(F)(F)F)cc2)cccc1N1CCCCC1,TPH_counterscreen,583.61,4.69,chembl
CHEMBL5996854,CHEMBL5996854,Cc1cnc(C2c3c(nc4sc(C)nn34)CCN2C(=O)COc2ccc(NS(C)(=O)=O)nc2Cl)c(F)c1,TPH_counterscreen,566.04,2.91,chembl
CHEMBL4762460,CHEMBL4762460,COc1ccc(-c2nc(-c3ccc(C[C@H](N)C(N)=O)cc3)no2)cc1-c1ccc(O)cc1.Cl,TPH_counterscreen,466.93,3.56,chembl
CHEMBL5987515,CHEMBL5987515,Cc1nn2c3c(nc2s1)CCN(C(=O)COc1ccc(N(C)S(C)(=O)=O)nc1Cl)C3c1ccc(Cl)cc1F,TPH_counterscreen,599.5,3.89,chembl
BDB_341570,BDB_341570,Cc1nc(C)c(C2c3c(nc4sc(C)nn34)CCN2C(=O)COc2ccc(N(C)S(C)(=O)=O)nc2Cl)s1,TPH_counterscreen,582.13,3.17,bindingdb
BDB_341651,BDB_341651,CS(=O)(=O)Nc1ccc(OCC(=O)N2CCc3nc4sccn4c3C2c2sccc2F)c(Cl)c1,TPH_counterscreen,541.05,4.17,bindingdb
BDB_50630656,BDB_50630656,CCn1c(=O)[nH]c(=O)c2c1nc(Cc1cn3cc(C)sc3n1)n2CCCOC,TPH_counterscreen,402.48,1.55,bindingdb
CHEMBL3799918,CHEMBL3799918,N/C(=N\C(=O)c1ccc(C[C@H](N)C(=O)O)cc1)NCc1c(Oc2cccc(C(F)(F)F)c2)cccc1N1CCCCC1,TPH_counterscreen,583.61,4.69,chembl
BDB_50630641,BDB_50630641,CCn1c(=O)[nH]c(=O)c2c1nc(Cc1cn3c(n1)CCCC3)n2CC1CCC1,TPH_counterscreen,382.47,1.83,bindingdb
CHEMBL469479,CHEMBL469479,C[C@@H](Nc1nc(N)nc(-c2ccc(CC(N)C(=O)O)c(F)c2)n1)c1ccc2ccccc2c1,TPH_counterscreen,446.49,3.54,chembl
CHEMBL4790025,CHEMBL4790025,COc1ccc(-c2cnc(-c3ccc(C[C@H](N)C(=O)O)cc3)[nH]2)cc1.Cl,TPH_counterscreen,373.84,3.13,chembl
BDB_341684,BDB_341684,Cc1cc(Cl)ccc1OCC(=O)N1CCc2nc3sccn3c2C1c1c(C)nn(C)c1C,TPH_counterscreen,470.0,4.26,bindingdb
CHEMBL4064649,CHEMBL4064649,COc1cccc(-c2cc(Cl)ccc2[C@@H](Oc2cc(N3CCC4(CC3)CN[C@H](C(=O)O)C4)nc(N)n2)C(F)(F)F)c1,TPH_counterscreen,592.02,5.1,chembl
CHEMBL5742219,CHEMBL5742219,Cc1nn2c3c(nc2s1)CCN(C(=O)COc1ccc(-c2ncco2)nc1Cl)C3c1ccc(Cl)cc1F,TPH_counterscreen,559.41,5.15,chembl
CHEMBL249856,CHEMBL249856,CSc1ccc(C(=O)c2[nH]c(=O)[nH]c2C)cc1,approved_drug,248.31,1.96,chembl
CHEMBL106258,CHEMBL106258,NC1=NCC(c2ccccc2)O1,approved_drug,162.19,1.07,chembl
CHEMBL1104,CHEMBL1104,CC[N+](C)(C)c1cccc(O)c1,approved_drug,166.24,1.98,chembl
CHEMBL1200675,CHEMBL1200675,CN(C)CCOc1ccc(/C(=C(/CCCl)c2ccccc2)c2ccccc2)cc1.O=C(O)CC(O)(CC(=O)O)C(=O)O,approved_drug,598.09,4.97,chembl
CHEMBL15023,CHEMBL15023,O=C(CCCN1CCC(O)(c2cccc(C(F)(F)F)c2)CC1)c1ccc(F)cc1,approved_drug,409.42,4.79,chembl
CHEMBL1177,CHEMBL1177,NC1=NC(=O)C(c2ccccc2)O1,approved_drug,176.18,0.6,chembl
CHEMBL159226,CHEMBL159226,CC(=O)Oc1cc(C(C)C)c(OCCN(C)C)cc1C,approved_drug,279.38,2.98,chembl
CHEMBL39736,CHEMBL39736,CCCCNC(=N)NC(=N)N,approved_drug,157.22,-0.21,chembl
CHEMBL1788403,CHEMBL1788403,C=CCC1=C(C)C(OC(=O)[C@@H]2[C@@H](C=C(C)C)C2(C)C)CC1=O,approved_drug,302.41,4.0,chembl
CHEMBL328190,CHEMBL328190,Oc1ccc2c(c1)CC[C@H](c1ccccc1)[C@@H]2c1ccc(OCCN2CCCC2)cc1,approved_drug,413.56,5.73,chembl
CHEMBL790,CHEMBL790,N=C(NCCCCCCNC(=N)NC(=N)Nc1ccc(Cl)cc1)NC(=N)Nc1ccc(Cl)cc1,approved_drug,505.46,4.18,chembl
CHEMBL168815,CHEMBL168815,CC1OC2(CS1)CN1CCC2CC1,approved_drug,199.32,1.56,chembl
CHEMBL481,CHEMBL481,CCc1c2c(nc3ccc(OC(=O)N4CCC(N5CCCCC5)CC4)cc13)-c1cc3c(c(=O)n1C2)COC(=O)[C@]3(O)CC,approved_drug,586.69,4.09,chembl
CHEMBL1161,CHEMBL1161,C[C@@H]1C[C@H]2[C@@H]3CCC4=CC(=O)C=C[C@]4(C)[C@@]3(Cl)[C@@H](O)C[C@]2(C)[C@@]1(OC(=O)c1ccco1)C(=O)CCl,approved_drug,521.44,4.87,chembl
CHEMBL529437,CHEMBL529437,COC(=O)[C@H]1[C@@H](OC(=O)c2ccccc2)C[C@@H]2CC[C@H]1N2C.Cl,approved_drug,339.82,2.29,chembl
CHEMBL19236,CHEMBL19236,COc1nc(C)nc(Cl)c1NC1=NCCN1,approved_drug,241.68,0.82,chembl
CHEMBL1168,CHEMBL1168,CCOC(=O)[C@H](CCc1ccccc1)N[C@@H](C)C(=O)N1[C@H](C(=O)O)C[C@@H]2CCC[C@@H]21,approved_drug,416.52,2.38,chembl
CHEMBL50588,CHEMBL50588,CC[C@H]1CN2CCc3cc(OC)c(OC)cc3[C@@H]2C[C@@H]1C[C@H]1NCCc2cc(OC)c(OC)cc21,approved_drug,480.65,4.94,chembl
CHEMBL2107383,CHEMBL2107383,COc1ccc(CCO[C@@H]2CCCC[C@H]2N2CC[C@@H](O)C2)cc1OC.Cl,approved_drug,385.93,3.06,chembl
CHEMBL1722,CHEMBL1722,COC(=O)C(c1ccccc1)C1CCCCN1.Cl,approved_drug,269.77,2.51,chembl
CHEMBL477,CHEMBL477,Nc1ncnc2c1ncn2[C@@H]1O[C@H](CO)[C@@H](O)[C@H]1O,approved_drug,267.24,-1.98,chembl
CHEMBL18,CHEMBL18,CCOc1ccc2nc(S(N)(=O)=O)sc2c1,approved_drug,258.32,1.34,chembl
CHEMBL1200874,CHEMBL1200874,CCCCNC(=O)[N-]S(=O)(=O)c1ccc(C)cc1.[Na+],approved_drug,292.34,-0.43,chembl
CHEMBL1200500,CHEMBL1200500,CCC(=O)OCC(=O)[C@@]1(OC(=O)CC)[C@@H](C)C[C@H]2[C@@H]3CCC4=CC(=O)C=C[C@]4(C)[C@@]3(Cl)[C@@H](O)C[C@@]21C,approved_drug,521.05,4.09,chembl
CHEMBL969,CHEMBL969,O=C1CN=C(c2ccccc2)c2cc(Cl)ccc2N1CC1CC1,approved_drug,324.81,3.93,chembl
CHEMBL1200825,CHEMBL1200825,CCC(=O)C(CC(C)N(C)C)(c1ccccc1)c1ccccc1.Cl,approved_drug,345.91,4.71,chembl
CHEMBL2107726,CHEMBL2107726,[O-][n+]1cccc(/C(Cl)=N/OC[C@H](O)CN2CCCCC2)c1,approved_drug,313.79,1.08,chembl
CHEMBL1037,CHEMBL1037,N=C(N)NCC1COC2(CCCCC2)O1,approved_drug,213.28,0.55,chembl
CHEMBL777,CHEMBL777,O=C(O)[C@H]1/C(=C/CO)O[C@@H]2CC(=O)N21,approved_drug,199.16,-1.1,chembl
CHEMBL846,CHEMBL846,C=C1/C(=C\C=C2/CCC[C@]3(C)[C@@H]([C@H](C)CCCC(C)(C)O)CC[C@@H]23)C[C@@H](O)C[C@@H]1O,approved_drug,416.65,5.7,chembl
CHEMBL714,CHEMBL714,CC(C)(C)NCC(O)c1ccc(O)c(CO)c1,approved_drug,239.32,1.31,chembl
CHEMBL715,CHEMBL715,Cc1cc2c(s1)Nc1ccccc1N=C2N1CCN(C)CC1,approved_drug,312.44,3.44,chembl
CHEMBL450,CHEMBL450,CCC1(CC)C(=O)NC(=O)N(C)C1=O,approved_drug,198.22,0.5,chembl
CHEMBL8,CHEMBL8,O=C(O)c1cn(C2CC2)c2cc(N3CCNCC3)c(F)cc2c1=O,approved_drug,331.35,1.58,chembl
CHEMBL1564,CHEMBL1564,CN1CCC(OC(c2ccccc2)c2ccccc2)CC1.Cl,approved_drug,317.86,4.31,chembl
CHEMBL1605,CHEMBL1605,Nc1nc(/C(=C/CC(=O)O)C(=O)N[C@@H]2C(=O)N3C(C(=O)O)=CCS[C@H]23)cs1,approved_drug,410.43,-0.05,chembl
CHEMBL871,CHEMBL871,CC(O)(P(=O)(O)O)P(=O)(O)O,approved_drug,206.03,-0.99,chembl
CHEMBL448,CHEMBL448,CCCC(C)C1(CC)C(=O)NC(=O)NC1=O,approved_drug,226.28,1.18,chembl
CHEMBL420762,CHEMBL420762,Cc1ccccc1C(=O)Nc1ccc(C(=O)N2CCCC(N(C)C)c3ccccc32)cc1,approved_drug,427.55,5.29,chembl
CHEMBL315838,CHEMBL315838,COc1ccc(C(=O)Nc2ccccc2CCC2CCCCN2C)cc1,approved_drug,352.48,4.36,chembl
CHEMBL3990047,CHEMBL3990047,CNc1ncc(-c2ccc3c(=O)c(C(=O)O)cn(C4CC4)c3c2C)cc1C,approved_drug,363.42,3.76,chembl
CHEMBL221959,CHEMBL221959,C[C@@H]1CCN(C(=O)CC#N)C[C@@H]1N(C)c1ncnc2[nH]ccc12,approved_drug,312.38,1.54,chembl
CHEMBL1558,CHEMBL1558,COc1cc2nc(N3CCN(C(=O)c4ccco4)CC3)nc(N)c2cc1OC.Cl,approved_drug,419.87,2.21,chembl
CHEMBL509,CHEMBL509,Cc1ccc(Cl)c(Nc2ccccc2C(=O)O)c1Cl,approved_drug,296.15,4.74,chembl
CHEMBL1000,CHEMBL1000,O=C(O)COCCN1CCN(C(c2ccccc2)c2ccc(Cl)cc2)CC1,approved_drug,388.9,3.15,chembl
CHEMBL46917,CHEMBL46917,CNC(=O)Oc1cccc2ccccc12,approved_drug,201.22,2.56,chembl
CHEMBL22,CHEMBL22,COc1cc(Cc2cnc(N)nc2N)cc(OC)c1OC,approved_drug,290.32,1.26,chembl
CHEMBL1200339,CHEMBL1200339,CNC[C@H](O)c1cccc(O)c1.Cl,approved_drug,203.67,1.07,chembl
CHEMBL205596,CHEMBL205596,C[C@H](CCC(=O)O)[C@H]1CC[C@H]2[C@@H]3[C@H](O)C[C@@H]4C[C@H](O)CC[C@]4(C)[C@H]3C[C@H](O)[C@]12C,approved_drug,408.58,3.45,chembl
CHEMBL32,CHEMBL32,COc1c(N2C[C@@H]3CCCN[C@@H]3C2)c(F)cc2c(=O)c(C(=O)O)cn(C3CC3)c12,approved_drug,401.44,2.37,chembl
CHEMBL272427,CHEMBL272427,C[C@H](CCC(=O)NCCS(=O)(=O)O)[C@H]1CC[C@H]2[C@@H]3[C@@H](O)C[C@@H]4C[C@H](O)CC[C@]4(C)[C@H]3CC[C@]12C,approved_drug,499.71,3.4,chembl
CHEMBL2062163,CHEMBL2062163,C[C@H]1[C@H](c2ccccc2)OCCN1C.O=C(O)C(O)C(O)C(=O)O,approved_drug,341.36,-0.04,chembl
CHEMBL21731,CHEMBL21731,CNCCCC12CCC(c3ccccc31)c1ccccc12,approved_drug,277.41,4.21,chembl
CHEMBL1405,CHEMBL1405,C[C@]12CC[C@@H]3c4ccc(O)cc4CC[C@H]3[C@@H]1CCC2=O,approved_drug,270.37,3.82,chembl
CHEMBL54976,CHEMBL54976,N[C@@H](Cc1c[nH]c2ccccc12)C(=O)O,approved_drug,204.23,1.12,chembl
CHEMBL46,CHEMBL46,Cc1nccn1CC1CCc2c(c3ccccc3n2C)C1=O,approved_drug,293.37,3.13,chembl
CHEMBL267495,CHEMBL267495,CN(C(=O)/C=C/c1ccoc1)[C@@H]1CC[C@@]2(O)[C@H]3Cc4ccc(O)c5c4[C@@]2(CCN3CC2CC2)[C@H]1O5,approved_drug,476.57,3.09,chembl
CHEMBL546,CHEMBL546,C=CCOc1ccccc1OCC(O)CNC(C)C,approved_drug,265.35,1.99,chembl
CHEMBL553,CHEMBL553,C#Cc1cccc(Nc2ncnc3cc(OCCOC)c(OCCOC)cc23)c1,approved_drug,393.44,3.41,chembl
CHEMBL497,CHEMBL497,Oc1c(I)cc(Cl)c2cccnc12,approved_drug,305.5,3.2,chembl
CHEMBL296419,CHEMBL296419,COc1ccc(CCN2CCC(Nc3nc4ccccc4n3Cc3ccc(F)cc3)CC2)cc1,approved_drug,458.58,5.35,chembl
CHEMBL223228,CHEMBL223228,O=C1Nc2ccc(Cl)cc2[C@@](C#CC2CC2)(C(F)(F)F)O1,approved_drug,315.68,4.07,chembl
CHEMBL1419,CHEMBL1419,CC(C)CC(N(C)C)C1(c2ccc(Cl)cc2)CCC1,approved_drug,279.86,4.74,chembl
CHEMBL1475,CHEMBL1475,Cc1cc2cc3c(C)cc(=O)oc3c(C)c2o1,approved_drug,228.25,3.46,chembl
CHEMBL125,CHEMBL125,CCCCCCCCCCCCCCCCOP(=O)([O-])OCC[N+](C)(C)C,approved_drug,407.58,5.68,chembl
CHEMBL1200402,CHEMBL1200402,CCOC(=O)C1=C(COCCN)NC(C)=C(C(=O)OC)C1c1ccccc1Cl.O=S(=O)(O)c1ccccc1,approved_drug,567.06,3.2,chembl
CHEMBL423,CHEMBL423,CC(C)NCC(O)COc1ccc(CCOCC2CC2)cc1,approved_drug,307.43,2.39,chembl
CHEMBL70246,CHEMBL70246,Cn1c(=O)c2c(ncn2CC(=O)O)n(C)c1=O,approved_drug,238.2,-1.48,chembl
CHEMBL1201342,CHEMBL1201342,CN1CCCC(CC2c3ccccc3Sc3ccccc32)C1,approved_drug,309.48,5.02,chembl
CHEMBL86304,CHEMBL86304,O=C(NCCN1CCOCC1)c1ccc(Cl)cc1,approved_drug,268.74,1.4,chembl
CHEMBL28333,CHEMBL28333,CN1CCN=C(c2ccccc2)c2cc(Cl)ccc21,approved_drug,270.76,3.63,chembl
CHEMBL211471,CHEMBL211471,CN(C)C(=O)Oc1cccc([N+](C)(C)C)c1.COS(=O)(=O)[O-],approved_drug,334.39,1.04,chembl
CHEMBL2368924,CHEMBL2368924,CS(=O)(=O)O.O.O=C(O[C@@H]1C[C@@H]2C[C@H]3C[C@H](C1)N2CC3=O)c1c[nH]c2ccccc12,approved_drug,438.5,1.2,chembl
CHEMBL325041,CHEMBL325041,CC(C)C[C@H](NC(=O)[C@H](Cc1ccccc1)NC(=O)c1cnccn1)B(O)O,approved_drug,384.25,0.36,chembl
CHEMBL70,CHEMBL70,CN1CC[C@]23c4c5ccc(O)c4O[C@H]2[C@@H](O)C=C[C@H]3[C@H]1C5,approved_drug,285.34,1.2,chembl
CHEMBL762,CHEMBL762,Cc1cc(C(C)(C)C)c(O)c(C)c1CC1=NCCN1,approved_drug,260.38,2.85,chembl
CHEMBL830,CHEMBL830,NCCCC(N)(C(=O)O)C(F)F,approved_drug,182.17,-0.23,chembl
CHEMBL668,CHEMBL668,CNCCCC1c2ccccc2C=Cc2ccccc21,approved_drug,263.38,4.3,chembl
CHEMBL446,CHEMBL446,Cc1cc(C)nc(NS(=O)(=O)c2ccc(N)cc2)n1,approved_drug,278.34,1.48,chembl
CHEMBL408,CHEMBL408,Cc1c(C)c2c(c(C)c1O)CCC(C)(COc1ccc(CC3SC(=O)NC3=O)cc1)O2,approved_drug,441.55,4.37,chembl
CHEMBL1201776,CHEMBL1201776,CC[C@@H](c1cccc(O)c1)[C@@H](C)CN(C)C,approved_drug,221.34,3.08,chembl
CHEMBL278819,CHEMBL278819,Cc1cc(-c2ccccc2)nnc1NCCN1CCOCC1,approved_drug,298.39,2.2,chembl
CHEMBL48582,CHEMBL48582,CS(=O)(=O)O.C[C@H](NCc1ccc(OCc2cccc(F)c2)cc1)C(N)=O,approved_drug,398.46,1.87,chembl
CHEMBL1663,CHEMBL1663,FC(F)(F)C(F)(F)C(F)(F)F,approved_drug,188.02,2.75,chembl
CHEMBL453,CHEMBL453,Cc1noc(NS(=O)(=O)c2ccc(N)cc2)c1C,approved_drug,267.31,1.67,chembl
CHEMBL12610,CHEMBL12610,CN(C)CCCOc1nn(Cc2ccccc2)c2ccccc12,approved_drug,309.41,3.42,chembl
CHEMBL986,CHEMBL986,CC1=C(/C=C/C(C)=C/C=C/C(C)=C/CO)C(C)(C)CCC1,approved_drug,286.46,5.51,chembl
CHEMBL700,CHEMBL700,Nc1ccc(S(=O)(=O)Nc2ccccn2)cc1,approved_drug,249.3,1.46,chembl
CHEMBL593,CHEMBL593,CC(C)Nc1cccnc1N1CCN(C(=O)c2cc3cc(NS(C)(=O)=O)ccc3[nH]2)CC1,approved_drug,456.57,2.72,chembl
CHEMBL1129,CHEMBL1129,O=c1[nH]c(=O)n([C@H]2C[C@H](O)[C@@H](CO)O2)cc1C(F)(F)F,approved_drug,296.2,-0.8,chembl
CHEMBL28318,CHEMBL28318,Cc1c(C(C)C)c(=O)n(-c2ccccc2)n1C,approved_drug,230.31,2.61,chembl
CHEMBL4,CHEMBL4,CC1COc2c(N3CCN(C)CC3)c(F)cc3c(=O)c(C(=O)O)cn1c23,approved_drug,361.37,1.54,chembl
CHEMBL1201049,CHEMBL1201049,Clc1ccc(COC(Cn2ccnc2)c2ccc(Cl)cc2Cl)cc1.O=[N+]([O-])O,approved_drug,444.7,5.45,chembl
CHEMBL686,CHEMBL686,Cc1cccc(Nc2ccccc2C(=O)O)c1C,approved_drug,241.29,3.75,chembl
CHEMBL558,CHEMBL558,Cc1cccc(C)c1OCC(C)N,approved_drug,179.26,2.03,chembl
CHEMBL960,CHEMBL960,Cc1oncc1C(=O)Nc1ccc(C(F)(F)F)cc1,approved_drug,270.21,3.25,chembl
CHEMBL1072,CHEMBL1072,CCCCNc1cc(C(=O)O)cc(S(N)(=O)=O)c1Oc1ccccc1,approved_drug,364.42,3.04,chembl
CHEMBL1128,CHEMBL1128,CC[N+](C)(C)c1cccc(O)c1.[Cl-],approved_drug,201.7,-1.02,chembl
CHEMBL995,CHEMBL995,CCCCc1nc(Cl)c(CO)n1Cc1ccc(-c2ccccc2-c2nnn[n-]2)cc1.[K+],approved_drug,461.01,0.9,chembl
CHEMBL6966,CHEMBL6966,COc1ccc(CCN(C)CCCC(C#N)(c2ccc(OC)c(OC)c2)C(C)C)cc1OC,approved_drug,454.61,5.09,chembl
CHEMBL1231,CHEMBL1231,CCN(CC)CC#CCOC(=O)C(O)(c1ccccc1)C1CCCCC1,approved_drug,357.49,3.34,chembl
CHEMBL154,CHEMBL154,COc1ccc2cc([C@H](C)C(=O)O)ccc2c1,approved_drug,230.26,3.04,chembl
CHEMBL15891,CHEMBL15891,Cl[C@H]1[C@H](Cl)[C@@H](Cl)[C@@H](Cl)[C@H](Cl)[C@H]1Cl,approved_drug,290.83,3.64,chembl
CHEMBL1546,CHEMBL1546,CC(N)Cc1ccc(O)cc1,approved_drug,151.21,1.28,chembl
CHEMBL530,CHEMBL530,CC1(C)S[C@@H]2[C@H](/N=C/N3CCCCCC3)C(=O)N2[C@H]1C(=O)O,approved_drug,325.43,1.41,chembl
CHEMBL514,CHEMBL514,O=NN(CCCl)C(=O)NC1CCCCC1,approved_drug,233.7,2.25,chembl
CHEMBL273575,CHEMBL273575,CN1Cc2c(N)cccc2C(c2ccccc2)C1,approved_drug,238.33,2.85,chembl
CHEMBL1289494,CHEMBL1289494,COc1cc2nccc(Oc3ccc(NC(=O)Nc4cc(C)on4)c(Cl)c3)c2cc1OC,approved_drug,454.87,5.64,chembl
CHEMBL308954,CHEMBL308954,Cc1cc(C#N)cc(C)c1Oc1nc(Nc2ccc(C#N)cc2)nc(N)c1Br,approved_drug,435.29,4.72,chembl
CHEMBL817,CHEMBL817,Cc1ccc(S(=O)(=O)NC(=O)NN2CCCCCC2)cc1,approved_drug,311.41,1.77,chembl
CHEMBL409,CHEMBL409,CC(O)(CS(=O)(=O)c1ccc(F)cc1)C(=O)Nc1ccc(C#N)c(C(F)(F)F)c1,approved_drug,430.38,2.88,chembl
CHEMBL316157,CHEMBL316157,O=C(Cc1cccs1)N[C@@H]1C(=O)N2C(C(=O)[O-])=C(C[n+]3ccccc3)CS[C@H]12,approved_drug,415.5,-0.32,chembl
CHEMBL979,CHEMBL979,CCCC(C)(COC(N)=O)COC(N)=O,approved_drug,218.25,0.98,chembl
CHEMBL74632,CHEMBL74632,CO[C@@]1(NC(=O)C(C(=O)O)c2ccc(O)cc2)C(=O)N2C(C(=O)O)=C(CSc3nnnn3C)CO[C@@H]21,approved_drug,520.48,-1.13,chembl
CHEMBL1006,CHEMBL1006,NCCCNCCSP(=O)(O)O,approved_drug,214.23,-0.25,chembl
CHEMBL340978,CHEMBL340978,CC(C(=O)O)c1ccc2oc(-c3ccc(Cl)cc3)nc2c1,approved_drug,301.73,4.34,chembl
CHEMBL2105675,CHEMBL2105675,CNC[C@H](O)[C@@H](O)[C@H](O)[C@H](O)CO.O=C(O)c1ccc2nc(-c3cc(Cl)cc(Cl)c3)oc2c1,approved_drug,503.34,1.14,chembl
CHEMBL396778,CHEMBL396778,C[C@H](NCc1ccc(OCc2cccc(F)c2)cc1)C(N)=O,approved_drug,302.35,2.37,chembl
CHEMBL14370,CHEMBL14370,CCOc1ccccc1OC(c1ccccc1)C1CNCCO1,approved_drug,313.4,3.19,chembl
CHEMBL766,CHEMBL766,CC1(C)C[C@@H]1C(=O)N/C(=C\CCCCSC[C@H](N)C(=O)O)C(=O)O,approved_drug,358.46,1.43,chembl
CHEMBL1346,CHEMBL1346,NC(=O)C(c1ccccc1)(c1ccccc1)[C@@H]1CCN(CCc2ccc3c(c2)CCO3)C1,approved_drug,426.56,3.96,chembl
CHEMBL112,CHEMBL112,CC(=O)Nc1ccc(O)cc1,approved_drug,151.16,1.35,chembl
CHEMBL834,CHEMBL834,NCCC(O)(P(=O)(O)O)P(=O)(O)O,approved_drug,235.07,-1.66,chembl
CHEMBL501,CHEMBL501,CC(N)Cc1ccccc1.O=S(=O)(O)O,approved_drug,233.29,0.92,chembl
CHEMBL1169,CHEMBL1169,Nc1ccc(C(=O)O)c(O)c1,approved_drug,153.14,0.67,chembl
CHEMBL3989562,CHEMBL3989562,COc1cc2nc(N3CCN(C(=O)C4CCCO4)CC3)nc(N)c2cc1OC.Cl.O.O,approved_drug,459.93,-0.17,chembl
CHEMBL282121,CHEMBL282121,CCN(CCCCOC(=O)c1ccc(OC)c(OC)c1)C(C)Cc1ccc(OC)cc1,approved_drug,429.56,4.6,chembl
CHEMBL623,CHEMBL623,CCc1nn(CCCN2CCN(c3cccc(Cl)c3)CC2)c(=O)n1CCOc1ccccc1,approved_drug,470.02,3.55,chembl
CHEMBL498,CHEMBL498,CCCNC(=O)NS(=O)(=O)c1ccc(Cl)cc1,approved_drug,276.74,1.74,chembl
CHEMBL162036,CHEMBL162036,CC(=O)Nc1ccc(OC(=O)c2ccccc2OC(C)=O)cc1,approved_drug,313.31,2.79,chembl
CHEMBL1200624,CHEMBL1200624,C#C[C@]1(OC(C)=O)CC[C@H]2[C@@H]3CCC4=C[C@@H](OC(C)=O)CC[C@@H]4[C@H]3CC[C@@]21C,approved_drug,384.52,4.43,chembl
CHEMBL820,CHEMBL820,CS(=O)(=O)OCCCCOS(C)(=O)=O,approved_drug,246.31,-0.28,chembl
CHEMBL1201168,CHEMBL1201168,Cc1cc(C(=O)NNCc2ccccc2)no1,approved_drug,231.26,1.42,chembl
CHEMBL1191,CHEMBL1191,Cc1nnc(NS(=O)(=O)c2ccc(N)cc2)s1,approved_drug,270.34,1.23,chembl
CHEMBL161,CHEMBL161,CO/N=C(\C(=O)N[C@@H]1C(=O)N2C(C(=O)O)=C(CSc3nc(=O)c(O)nn3C)CS[C@H]12)c1csc(N)n1,approved_drug,554.59,-1.2,chembl
CHEMBL429,CHEMBL429,CC(CCc1ccccc1)NCC(O)c1ccc(O)c(C(N)=O)c1,approved_drug,328.41,2.14,chembl
CHEMBL46516,CHEMBL46516,O=C1NCN(c2ccccc2)C12CCN(CCCC(c1ccc(F)cc1)c1ccc(F)cc1)CC2,approved_drug,475.58,5.31,chembl
CHEMBL723,CHEMBL723,COc1ccccc1OCCNCC(O)COc1cccc2[nH]c3ccccc3c12,approved_drug,406.48,3.74,chembl
CHEMBL1534,CHEMBL1534,Cc1cc2nc3c(=O)[nH]c(=O)nc-3n(C[C@H](O)[C@H](O)[C@H](O)CO)c2cc1C,approved_drug,376.37,-1.72,chembl
CHEMBL831,CHEMBL831,CN1CCN(C2=Nc3ccccc3Oc3ccc(Cl)cc32)CC1,approved_drug,327.82,3.77,chembl
CHEMBL836,CHEMBL836,CCOc1ccccc1OCCN[C@H](C)Cc1ccc(OC)c(S(N)(=O)=O)c1,approved_drug,408.52,2.34,chembl
CHEMBL2146102,CHEMBL2146102,CN[C@@H](C)[C@H](O)c1ccccc1.Cl,approved_drug,201.7,1.75,chembl
CHEMBL562,CHEMBL562,COC1=CC(=O)C[C@@H](C)[C@]12Oc1c(Cl)c(OC)cc(OC)c1C2=O,approved_drug,352.77,2.81,chembl
CHEMBL56021,CHEMBL56021,CC(=O)N[C@@H](CC(C)C)C(=O)O,approved_drug,173.21,0.62,chembl
CHEMBL480,CHEMBL480,Cc1c(OCC(F)(F)F)ccnc1C[S+]([O-])c1nc2ccccc2[nH]1,approved_drug,369.37,3.52,chembl
CHEMBL247951,CHEMBL247951,CC[C@@H](Oc1cccc(CN(CCCOc2ccc(OC)cc2)c2nc3ccccc3o2)c1)C(=O)O,approved_drug,490.56,5.55,chembl
CHEMBL1043,CHEMBL1043,Nc1ccc(S(=O)(=O)c2ccc(N)cc2)cc1,approved_drug,248.31,1.68,chembl
CHEMBL110,CHEMBL110,O=C(Cn1ccnc1[N+](=O)[O-])NCc1ccccc1,approved_drug,260.25,1.11,chembl
CHEMBL1200392,CHEMBL1200392,CN(C)CCOC(C)(c1ccccc1)c1ccccn1.O=C(O)CCC(=O)O,approved_drug,388.46,2.86,chembl
CHEMBL761,CHEMBL761,c1ccc2c(CC3=NCCN3)cccc2c1,approved_drug,210.28,2.38,chembl
CHEMBL488,CHEMBL488,CCC1(c2ccc(N)cc2)CCC(=O)NC1=O,approved_drug,232.28,1.35,chembl
CHEMBL111,CHEMBL111,Cc1c(C(=O)NN2CCCCC2)nn(-c2ccc(Cl)cc2Cl)c1-c1ccc(Cl)cc1,approved_drug,463.8,5.94,chembl
CHEMBL86,CHEMBL86,CCN(CC)CCNC(=O)c1cc(Cl)c(N)cc1OC,approved_drug,299.8,2.0,chembl
CHEMBL849,CHEMBL849,Oc1cc(Cl)ccc1Oc1ccc(Cl)cc1Cl,approved_drug,289.54,5.14,chembl
CHEMBL1200463,CHEMBL1200463,O=C([O-])CCc1nc(-c2ccccc2)c(-c2ccccc2)o1.[K+],approved_drug,331.41,-0.3,chembl
CHEMBL607710,CHEMBL607710,NC(=O)OCC(O)COc1ccc(Cl)cc1,approved_drug,245.66,1.18,chembl
CHEMBL113,CHEMBL113,Cn1c(=O)c2c(ncn2C)n(C)c1=O,approved_drug,194.19,-1.03,chembl
CHEMBL1472,CHEMBL1472,NC(=O)[C@@H]1CCCN1C(=O)[C@H](Cc1c[nH]cn1)NC(=O)[C@@H]1CCC(=O)N1,approved_drug,362.39,-1.81,chembl
CHEMBL3989779,CHEMBL3989779,Cc1ncc(COP(=O)(O)O)c(CN)c1O.O.O,diverse_background,284.21,-1.49,chembl
CHEMBL4297379,CHEMBL4297379,C[C@]12CC[C@H]3[C@@H](CCC4=CC(=O)CC[C@@H]43)[C@@H]1C[C@H]1O[C@@H](c3ccco3)O[C@]12C(=O)C[18F],diverse_background,427.5,4.72,chembl
CHEMBL2205807,CHEMBL2205807,Cc1ccc(-c2ccc(C)cn2)nc1,diverse_background,184.24,2.76,chembl
CHEMBL298869,CHEMBL298869,N=C(N)NNS(=O)(=O)c1ccc([N+](=O)[O-])cc1,diverse_background,259.25,-0.73,chembl
CHEMBL1872946,CHEMBL1872946,CC(=O)Nc1ncc([N+](=O)[O-])s1,diverse_background,187.18,1.01,chembl
CHEMBL2107010,CHEMBL2107010,CCCOC(=O)c1ccc(N)cc1,diverse_background,179.22,1.84,chembl
CHEMBL2106108,CHEMBL2106108,CN(C)C(=O)Oc1ccc[n+](Cc2ccccc2)c1.[Br-],diverse_background,337.22,-0.91,chembl
CHEMBL363387,CHEMBL363387,O=C(O)Cn1cc(Cc2nc3c(F)c(F)cc(F)c3s2)c2ccccc21,diverse_background,376.36,4.34,chembl
CHEMBL1794955,CHEMBL1794955,CC(=O)O.N=C(N)Nc1ccc(C(=O)OCC(N)=O)cc1,diverse_background,296.28,-0.28,chembl
CHEMBL2104605,CHEMBL2104605,NS(=O)(=O)c1cc2c(cc1Cl)NC(CSCC(F)(F)F)NS2(=O)=O,diverse_background,425.86,1.31,chembl
CHEMBL1373254,CHEMBL1373254,NS(=O)(=O)c1cc2c(cc1Cl)NC(CC1CCCC1)NS2(=O)=O,diverse_background,379.89,1.6,chembl
CHEMBL1562084,CHEMBL1562084,NS(=O)(=O)c1cc2c(cc1Cl)NC(Cc1ccccc1)NS2(=O)=O,diverse_background,387.87,1.26,chembl
CHEMBL298756,CHEMBL298756,CN(C)S(=O)(=O)N=C(N)N,diverse_background,166.21,-1.93,chembl
CHEMBL2107546,CHEMBL2107546,CC(C)(Cc1c[nH]c2ccccc12)NCC(O)COc1ccccc1C#N.Cl,diverse_background,399.92,3.81,chembl
CHEMBL1200405,CHEMBL1200405,CS(=O)(=O)O.Cc1ccc(C(=O)Oc2ccc(C(O)CNC(C)(C)C)cc2OC(=O)c2ccc(C)cc2)cc1,diverse_background,557.67,4.67,chembl
CHEMBL1865258,CHEMBL1865258,NS(=O)(=O)c1ccc(Cl)c(S(N)(=O)=O)c1,diverse_background,270.72,-0.37,chembl
CHEMBL2105516,CHEMBL2105516,NS(=O)(=O)c1cc2c(cc1Cl)NC(C(Cl)(Cl)Cl)NS2(=O)=O,diverse_background,415.11,1.39,chembl
CHEMBL2105454,CHEMBL2105454,CN(CCO)CC(=O)N(C)c1ccc(Cl)cc1C(=O)c1ccccc1,diverse_background,360.84,2.46,chembl
CHEMBL1200779,CHEMBL1200779,CS(=O)(=O)O.N[C@@H]1[C@H]2CN(c3nc4c(cc3F)c(=O)c(C(=O)O)cn4-c3ccc(F)cc3F)C[C@@H]12,diverse_background,512.47,1.4,chembl
CHEMBL224265,CHEMBL224265,NC(=S)N/N=C/c1cccnc1,diverse_background,180.24,0.25,chembl
CHEMBL65717,CHEMBL65717,Cc1cc2c(OCC(O)CNC(C)C)cccc2[nH]1,diverse_background,262.35,2.21,chembl
CHEMBL3989905,CHEMBL3989905,CN1CC2Cc3ccc(Cl)cc3C(c3ccccc3)C2C1,diverse_background,297.83,4.21,chembl
CHEMBL3182437,CHEMBL3182437,Cc1cnc(-c2ccccc2C(C)C)nc1NCc1ccc(-n2ccnn2)cc1,diverse_background,384.49,4.77,chembl
CHEMBL2107046,CHEMBL2107046,CCC(C)C(C(=O)OC1CC[N+](C)(C)CC1)c1ccccc1.COS(=O)(=O)[O-],diverse_background,415.55,2.69,chembl
CHEMBL1484857,CHEMBL1484857,O=C(O)CCC(=O)Nc1ccc(S(=O)(=O)Nc2nccs2)cc1,diverse_background,355.4,1.75,chembl
CHEMBL1200756,CHEMBL1200756,Cc1ncc(CO)c(CO)c1O.Cl,diverse_background,205.64,0.5,chembl
CHEMBL2104180,CHEMBL2104180,Cc1cc(C)c(C2CCCCC2)c(O)c1,diverse_background,204.31,4.06,chembl
CHEMBL2104144,CHEMBL2104144,COC1(C)CC(c2ccccc2)c2c(c3ccccc3oc2=O)O1,diverse_background,322.36,4.07,chembl
CHEMBL3544537,CHEMBL3544537,Oc1ccc(C(c2ccc(O)cc2)c2ccccn2)cc1,diverse_background,277.32,3.67,chembl
CHEMBL2110903,CHEMBL2110903,C[N+]1(C)CCC(OC(=O)C(O)(c2ccccc2)c2ccccc2)C1,diverse_background,326.42,2.31,chembl
CHEMBL112687,CHEMBL112687,CC(=O)Nc1ccc(C(=O)O)cc1,diverse_background,179.18,1.34,chembl
CHEMBL2105976,CHEMBL2105976,CC(C)NCC(O)COc1ccc(OCCOCC2CC2)cc1.Cl,diverse_background,359.89,2.65,chembl
CHEMBL2104835,CHEMBL2104835,CCC(C)C(C(=O)OC1CCN(C)CC1)c1ccccc1,diverse_background,289.42,3.45,chembl
CHEMBL303933,CHEMBL303933,Clc1ccc2c(N3CCN(CCCN4CCN(c5ccnc6cc(Cl)ccc56)CC4)CC3)ccnc2c1,diverse_background,535.52,5.42,chembl
CHEMBL1971943,CHEMBL1971943,Cc1c[nH]c2nccc(Oc3c(F)cc(Nc4cc(Cl)nc(N)n4)cc3F)c12,diverse_background,402.79,4.71,chembl
CHEMBL1716983,CHEMBL1716983,C[n+]1ccc(C(=O)NCc2ccccc2)cc1.[I-],diverse_background,354.19,-1.55,chembl
CHEMBL593262,CHEMBL593262,O=[N+]([O-])c1ccc(S(=O)(=O)Nc2nccs2)cc1,diverse_background,285.31,1.85,chembl
CHEMBL1620144,CHEMBL1620144,CNC(=O)OCc1cccc(COC(=O)NC)n1,diverse_background,253.26,0.79,chembl
CHEMBL1416586,CHEMBL1416586,CN1CCC(n2[nH]c(-c3ccccc3)c(Cc3ccccc3)c2=O)CC1,diverse_background,347.46,3.7,chembl
CHEMBL1200479,CHEMBL1200479,CCN(CC)CCOC(=O)C1(C2CCCCC2)CCCCC1.Cl,diverse_background,345.96,4.82,chembl
CHEMBL1788402,CHEMBL1788402,O=S(=O)(O)c1cc(I)c(O)c2ncccc12,diverse_background,351.12,1.79,chembl
CHEMBL459008,CHEMBL459008,CCCCOC(=O)c1ccc(O)cc1,diverse_background,194.23,2.35,chembl
CHEMBL1368146,CHEMBL1368146,O=C(O)c1ccc(S(=O)(=O)N(Cl)Cl)cc1,diverse_background,270.09,1.68,chembl
CHEMBL608806,CHEMBL608806,CCOC(=O)[C@@H]1C2CCC(C[C@@H]1OC(=O)c1ccccc1)N2C,diverse_background,317.38,2.26,chembl
CHEMBL2064455,CHEMBL2064455,Nc1ccn([C@@H]2C(F)=C(CO)[C@@H](O)[C@H]2O)c(=O)n1,diverse_background,257.22,-1.68,chembl
CHEMBL3301665,CHEMBL3301665,CC(=O)[N-]S(=O)(=O)c1cc(N)ccc1S(=O)(=O)c1ccc(N)cc1.[Na+],diverse_background,391.41,-1.7,chembl
CHEMBL2106957,CHEMBL2106957,C=CCSCC1Nc2cc(Cl)c(S(N)(=O)=O)cc2S(=O)(=O)N1C,diverse_background,397.93,1.28,chembl
CHEMBL417546,CHEMBL417546,Cc1ccc(S(=O)(=O)NN=C(N)N)cc1,diverse_background,228.28,-0.54,chembl
CHEMBL2106223,CHEMBL2106223,C[N+]1(CC2COC(c3ccccc3)(c3ccccc3)O2)CCCCC1.[I-],diverse_background,465.38,0.94,chembl
CHEMBL747,CHEMBL747,CC1(C)N=C(N)N=C(N)N1c1ccc(Cl)cc1,diverse_background,251.72,1.53,chembl
CHEMBL50889,CHEMBL50889,COc1ccc(S(=O)(=O)NN=C(N)N)cc1,diverse_background,244.28,-0.84,chembl
CHEMBL1088016,CHEMBL1088016,[NH-]S(=O)(=O)C(F)(F)C(F)(F)C(F)(F)C(F)(F)C(F)(F)C(F)(F)C(F)(F)C(F)(F)F.[Na+],diverse_background,521.12,2.34,chembl
CHEMBL1080588,CHEMBL1080588,FC(F)c1ncn2c1Cn1ncnc1-c1cc(Br)ccc1-2,diverse_background,352.14,3.19,chembl
CHEMBL141305,CHEMBL141305,CC(=O)Oc1ccc(C(=C2CCCCC2)c2ccc(OC(C)=O)cc2)cc1,diverse_background,364.44,5.3,chembl
CHEMBL2219733,CHEMBL2219733,C1CNCCN1.O=P(O)(O)O,diverse_background,184.13,-1.75,chembl
CHEMBL2152944,CHEMBL2152944,O=C1c2ccc(Nc3ccc(F)cc3F)cc2CCc2ccc(OC[C@H](O)CO)cc21,diverse_background,425.43,3.77,chembl
CHEMBL599870,CHEMBL599870,C=CCSCC1Nc2cc(Cl)c(S(N)(=O)=O)cc2S(=O)(=O)N1,diverse_background,383.9,0.94,chembl
CHEMBL3707214,CHEMBL3707214,O=C(ON1CCOCC1)c1ccccc1O,diverse_background,223.23,0.8,chembl
CHEMBL26630,CHEMBL26630,Cc1onc(NS(=O)(=O)c2ccc(N)cc2)c1C,diverse_background,267.31,1.67,chembl
CHEMBL740,CHEMBL740,CCn1cc(C(=O)O)c(=O)c2cc(F)c(N3CCN(C=O)CC3)cc21,diverse_background,347.35,1.14,chembl
CHEMBL4802144,CHEMBL4802144,C=CC[C@@]12CCCN1C(=O)CNC2=O,diverse_background,194.23,0.05,chembl
CHEMBL1200621,CHEMBL1200621,CO/N=C1\CN(c2nc3c(cc2F)c(=O)c(C(=O)O)cn3C2CC2)CC1CN.CS(=O)(=O)O,diverse_background,485.49,0.47,chembl
CHEMBL432326,CHEMBL432326,N=C(N)NNS(=O)(=O)c1cccc(N)c1,diverse_background,229.26,-1.05,chembl
CHEMBL486873,CHEMBL486873,COP(=O)(CNC1(C(=O)O)CCCC1)OC,diverse_background,251.22,1.42,chembl
CHEMBL2107180,CHEMBL2107180,C[S+](C)CCOC(=O)C(c1ccccc1)C1CCCCC1.[I-],diverse_background,434.38,0.78,chembl
CHEMBL314083,CHEMBL314083,c1ccc(-c2cc(-c3ccccn3)nc(-c3ccccn3)c2)cc1,diverse_background,309.37,4.87,chembl
CHEMBL487883,CHEMBL487883,COP(=O)(CNC1(C(=O)O)CCCCCC1)OC,diverse_background,279.27,2.2,chembl
CHEMBL252151,CHEMBL252151,O=C(N/N=C/c1ccccn1)c1ccccc1,diverse_background,225.25,1.85,chembl
CHEMBL1201110,CHEMBL1201110,CC(C)[C@H](N)C(=O)OCCOCn1cnc2c(=O)nc(N)[nH]c21.Cl,diverse_background,360.8,-0.38,chembl
CHEMBL488025,CHEMBL488025,CC1=C(CC(=O)O)c2cc(F)ccc2/C1=C\c1ccc(S(C)(=O)=O)cc1,diverse_background,372.42,4.03,chembl
CHEMBL2105174,CHEMBL2105174,CC(C)c1[nH]c2ccccc2c1C(=O)c1cccnc1,diverse_background,264.33,3.92,chembl
CHEMBL574,CHEMBL574,Cc1ccc(S(N)(=O)=O)cc1,diverse_background,171.22,0.64,chembl
CHEMBL4297349,CHEMBL4297349,C[C@@H]1NC(=O)[C@H](CC(=O)O)NC1=O,diverse_background,186.17,-1.54,chembl
CHEMBL1742440,CHEMBL1742440,CC(C)OC(=O)c1cc2c(OCC(O)CNC(C)(C)C)cccc2[nH]1,diverse_background,348.44,2.86,chembl
CHEMBL2105318,CHEMBL2105318,C[C@]12CC[C@H]3[C@@H](CCC4=C(O)C(=O)CC[C@@H]43)[C@@H]1CC[C@@H]2OC(=O)CCC1CCCC1,diverse_background,414.59,5.9,chembl
CHEMBL1624767,CHEMBL1624767,O=S(=O)(O)CC(S)CS,diverse_background,188.3,0.1,chembl
CHEMBL4435170,CHEMBL4435170,[2H]C([2H])([2H])NC(=O)c1nnc(NC(=O)C2CC2)cc1Nc1cccc(-c2ncn(C)n2)c1OC,diverse_background,425.47,1.73,chembl
CHEMBL1086595,CHEMBL1086595,[NH-]S(=O)(=O)C(F)(F)C(F)(F)C(F)(F)C(F)(F)F.[Na+],diverse_background,321.1,-0.2,chembl
CHEMBL31167,CHEMBL31167,CCCCCCCCCCCCCNc1ccc(C(=O)[O-])cc1.[Na+],diverse_background,341.47,1.78,chembl
CHEMBL2104575,CHEMBL2104575,O=c1cc(CN2CCOCC2)c2ccc(O)cc2o1,diverse_background,261.28,1.33,chembl
CHEMBL52109,CHEMBL52109,Cc1cc(C)c(S(=O)(=O)NN=C(N)N)c(C)c1,diverse_background,256.33,0.08,chembl
CHEMBL2104164,CHEMBL2104164,NC(=O)CN1Cc2ccccc2OC1=O,diverse_background,206.2,0.49,chembl
CHEMBL357440,CHEMBL357440,CC(C)(C)C(=O)OC1N=C(c2ccccc2)c2cc(Cl)ccc2NC1=O,diverse_background,370.84,4.04,chembl
CHEMBL605003,CHEMBL605003,CN(C)S(=O)(=O)c1ccc2c(c1)/C(=C/c1cc3c([nH]1)CCCC3)C(=O)N2,diverse_background,371.46,2.64,chembl
CHEMBL2111184,CHEMBL2111184,CC1Oc2ccccc2CC1N(C)C,diverse_background,191.27,1.94,chembl
CHEMBL2107203,CHEMBL2107203,CCCCCC1Nc2cc(C(F)(F)F)c(S(N)(=O)=O)cc2S(=O)(=O)N1,diverse_background,401.43,1.96,chembl
CHEMBL2105900,CHEMBL2105900,Cl.OC(c1ccccc1)(c1ccccc1)C1CCNCC1,diverse_background,303.83,3.34,chembl
CHEMBL2110938,CHEMBL2110938,OC(c1ccccc1)(c1ccccc1)C1CCCCN1,diverse_background,267.37,3.06,chembl
CHEMBL2110883,CHEMBL2110883,CC(C)C[N+]1(C)[C@@H]2CC[C@H]1C[C@@H](OC(=O)C(c1ccccc1)C1CCCC1)C2,diverse_background,384.58,5.3,chembl
CHEMBL1987518,CHEMBL1987518,O=S(=O)(O)c1ccc2[nH]c(-c3ccccc3)nc2c1,diverse_background,274.3,2.48,chembl
CHEMBL6068564,CHEMBL6068564,CN(C)C1CCN(C(=O)C[C@H](O)c2nccn2C)CC1,diverse_background,280.37,0.4,chembl
CHEMBL478117,CHEMBL478117,O=C(CCCCCn1cc(-c2cccnc2)nn1)NO,diverse_background,275.31,1.41,chembl
CHEMBL179200,CHEMBL179200,Cc1cccnc1-c1cccnc1,diverse_background,170.22,2.45,chembl
CHEMBL1200522,CHEMBL1200522,COc1ccc(C(=O)CC(=O)c2ccc(C(C)(C)C)cc2)cc1,diverse_background,310.39,4.45,chembl
CHEMBL2105128,CHEMBL2105128,NS(=O)(=O)c1cc2c(cc1C(F)(F)F)N=CNS2(=O)=O,diverse_background,329.28,0.3,chembl
CHEMBL1192491,CHEMBL1192491,OC1(c2cccc(Cl)c2)C2=NCCCN2c2ccccc21,diverse_background,298.77,3.2,chembl
CHEMBL1673148,CHEMBL1673148,C[N+](C)(CCOc1ccccc1)Cc1ccccc1.O=C([O-])c1cc2ccccc2cc1O,diverse_background,443.54,4.25,chembl
CHEMBL5314557,CHEMBL5314557,Cc1cc(C)c2c(n1)CN(C(=O)CC1CN(c3ccnc(C(F)(F)F)c3)C1)C2,diverse_background,390.41,3.48,chembl
